fixture_id,side,team_id,team_name,team_assists,team_blocks,team_blocksReceived,team_efficiency,team_foulsTotal,team_freeThrowsAttempted,team_freeThrowsMade,team_freeThrowsPercentage,team_minutes,team_plusMinus,team_points,team_pointsThreeAttempted,team_pointsThreeMade,team_pointsThreePercentage,team_pointsTwoAttempted,team_pointsTwoMade,team_pointsTwoPercentage,team_rebounds,team_reboundsDefensive,team_reboundsOffensive,team_steals,team_turnovers
540b0c46-6715-11f0-b612-9ffadebc148f,home,,UNKNOWN,,,,,,,,,,,,,,,,,,,,,,
540b0c46-6715-11f0-b612-9ffadebc148f,away,,UNKNOWN,,,,,,,,,,,,,,,,,,,,,,
53e30b4c-6715-11f0-9901-9ffadebc148f,home,,UNKNOWN,,,,,,,,,,,,,,,,,,,,,,
53e30b4c-6715-11f0-9901-9ffadebc148f,away,,UNKNOWN,,,,,,,,,,,,,,,,,,,,,,
2eb500b4-6715-11f0-9108-3deba12f98c8,home,689d1a0a-55bd-11f0-920c-f5c62c2828ba,Saint-Quentin,18.0,1.0,1.0,,23.0,8.0,7.0,87.5,PT200M,,73.0,24.0,10.0,41.67,52.0,18.0,34.62,32.0,15.0,17.0,8.0,10.0
2eb500b4-6715-11f0-9108-3deba12f98c8,away,736b73ae-55bc-11f0-820e-2bf5ce89dac3,Monaco,26.0,1.0,1.0,,17.0,33.0,23.0,69.7,PT200M,,98.0,28.0,13.0,46.43,25.0,18.0,72.0,41.0,31.0,10.0,7.0,15.0
52d69654-6715-11f0-a749-9ffadebc148f,home,c3b5d870-55b5-11f0-9d0f-171bcde6f181,Boulazac,24.0,1.0,2.0,,24.0,30.0,23.0,76.67,PT200M,,95.0,27.0,12.0,44.44,28.0,18.0,64.29,42.0,35.0,7.0,5.0,18.0
52d69654-6715-11f0-a749-9ffadebc148f,away,88bff512-55bd-11f0-aa84-8366061a4b55,Strasbourg,19.0,2.0,1.0,,21.0,25.0,17.0,68.0,PT200M,,76.0,37.0,7.0,18.92,32.0,19.0,59.38,31.0,20.0,11.0,5.0,12.0
0c1513b4-6715-11f0-9c8b-27e6e78614e1,home,88bff512-55bd-11f0-aa84-8366061a4b55,Strasbourg,20.0,3.0,2.0,,26.0,21.0,15.0,71.43,PT200M,,84.0,29.0,13.0,44.83,24.0,15.0,62.5,32.0,19.0,13.0,4.0,19.0
0c1513b4-6715-11f0-9c8b-27e6e78614e1,away,e796c4fa-55bc-11f0-a2f1-8f0878f0f894,Nanterre,12.0,2.0,3.0,,21.0,24.0,14.0,58.33,PT200M,,74.0,27.0,6.0,22.22,36.0,21.0,58.33,30.0,12.0,18.0,5.0,13.0
51f6848a-6715-11f0-8d17-9ffadebc148f,home,25bcb29d-55bc-11f0-8037-fb553c4eab1b,Lyon-Villeurbanne,16.0,3.0,0.0,,25.0,29.0,24.0,82.76,PT200M,,91.0,23.0,7.0,30.43,36.0,23.0,63.89,41.0,28.0,13.0,2.0,11.0
51f6848a-6715-11f0-8d17-9ffadebc148f,away,703aa4cc-55b7-11f0-8fb8-35ef9dc7437a,Bourg-en-Bresse,14.0,0.0,3.0,,28.0,24.0,14.0,58.33,PT200M,,77.0,27.0,9.0,33.33,40.0,18.0,45.0,33.0,17.0,16.0,5.0,10.0
2e7e23e7-6715-11f0-b733-3deba12f98c8,home,c281453b-55b7-11f0-a6ef-350ae152a495,Cholet,24.0,2.0,0.0,,16.0,30.0,23.0,76.67,PT200M,,93.0,30.0,14.0,46.67,24.0,14.0,58.33,36.0,28.0,8.0,9.0,20.0
2e7e23e7-6715-11f0-b733-3deba12f98c8,away,689d1a0a-55bd-11f0-920c-f5c62c2828ba,Saint-Quentin,20.0,0.0,2.0,,23.0,11.0,6.0,54.55,PT200M,,80.0,42.0,12.0,28.57,35.0,19.0,54.29,39.0,22.0,17.0,10.0,16.0
2f1cd491-6715-11f0-9760-3deba12f98c8,home,f43b1b0f-55bc-11f0-84d9-01499d2f0a07,Paris,20.0,1.0,3.0,,25.0,25.0,22.0,88.0,PT200M,,87.0,38.0,11.0,28.95,34.0,16.0,47.06,34.0,21.0,13.0,8.0,9.0
2f1cd491-6715-11f0-9760-3deba12f98c8,away,c3b5d870-55b5-11f0-9d0f-171bcde6f181,Boulazac,27.0,3.0,2.0,,28.0,25.0,20.0,80.0,PT200M,,103.0,32.0,17.0,53.12,33.0,16.0,48.48,46.0,31.0,15.0,6.0,15.0
2f6a415a-6715-11f0-af9a-3deba12f98c8,home,88bff512-55bd-11f0-aa84-8366061a4b55,Strasbourg,21.0,4.0,3.0,,20.0,27.0,20.0,74.07,PT225M,,87.0,21.0,7.0,33.33,41.0,23.0,56.1,42.0,31.0,11.0,7.0,20.0
2f6a415a-6715-11f0-af9a-3deba12f98c8,away,703aa4cc-55b7-11f0-8fb8-35ef9dc7437a,Bourg-en-Bresse,12.0,4.0,3.0,,23.0,30.0,23.0,76.67,PT225M,,83.0,32.0,6.0,18.75,44.0,21.0,47.73,41.0,22.0,19.0,12.0,14.0
53c34cce-6715-11f0-8149-9ffadebc148f,home,f43b1b0f-55bc-11f0-84d9-01499d2f0a07,Paris,15.0,4.0,3.0,,30.0,32.0,25.0,78.12,PT225M,,103.0,47.0,14.0,29.79,35.0,18.0,51.43,49.0,28.0,21.0,10.0,23.0
53c34cce-6715-11f0-8149-9ffadebc148f,away,989c44aa-55b7-11f0-990a-abf64778d398,Chalon/Saône,21.0,3.0,4.0,,26.0,36.0,25.0,69.44,PT225M,,105.0,24.0,10.0,41.67,46.0,25.0,54.35,36.0,24.0,12.0,12.0,22.0
52ad5b69-6715-11f0-aea0-9ffadebc148f,home,c281453b-55b7-11f0-a6ef-350ae152a495,Cholet,16.0,4.0,2.0,,24.0,32.0,20.0,62.5,PT200M,,93.0,18.0,5.0,27.78,44.0,29.0,65.91,34.0,23.0,11.0,10.0,12.0
52ad5b69-6715-11f0-aea0-9ffadebc148f,away,25bcb29d-55bc-11f0-8037-fb553c4eab1b,Lyon-Villeurbanne,17.0,2.0,4.0,,26.0,24.0,19.0,79.17,PT200M,,85.0,32.0,12.0,37.5,28.0,15.0,53.57,30.0,19.0,11.0,4.0,18.0
0c1ca8d7-6715-11f0-aa83-27e6e78614e1,home,da0b634d-55bc-11f0-99f8-2dd52d4792f3,Nancy,30.0,2.0,1.0,,22.0,37.0,29.0,78.38,PT200M,,117.0,23.0,10.0,43.48,46.0,29.0,63.04,48.0,29.0,19.0,5.0,10.0
0c1ca8d7-6715-11f0-aa83-27e6e78614e1,away,ca771ea2-55bb-11f0-a0bc-85c4b9894a07,Limoges,18.0,1.0,2.0,,30.0,19.0,12.0,63.16,PT200M,,85.0,15.0,9.0,60.0,49.0,23.0,46.94,21.0,13.0,8.0,6.0,9.0
2ec2bc4e-6715-11f0-858a-3deba12f98c8,home,9ebf8651-55bb-11f0-b6ad-2f4a48ae850a,Le Portel,10.0,4.0,1.0,,25.0,29.0,22.0,75.86,PT200M,,57.0,25.0,3.0,12.0,32.0,13.0,40.62,28.0,27.0,1.0,5.0,18.0
2ec2bc4e-6715-11f0-858a-3deba12f98c8,away,f43b1b0f-55bc-11f0-84d9-01499d2f0a07,Paris,29.0,1.0,4.0,,24.0,30.0,23.0,76.67,PT200M,,120.0,40.0,13.0,32.5,47.0,29.0,61.7,62.0,40.0,22.0,10.0,10.0
528eb9d9-6715-11f0-a226-9ffadebc148f,home,7e9f3d8d-55bb-11f0-ae66-df8c8ac8c329,Le Mans,21.0,5.0,2.0,,26.0,27.0,21.0,77.78,PT200M,,108.0,31.0,15.0,48.39,32.0,21.0,65.62,28.0,19.0,9.0,7.0,11.0
528eb9d9-6715-11f0-a226-9ffadebc148f,away,c3b5d870-55b5-11f0-9d0f-171bcde6f181,Boulazac,20.0,2.0,5.0,,25.0,32.0,24.0,75.0,PT200M,,94.0,22.0,10.0,45.45,35.0,20.0,57.14,31.0,20.0,11.0,6.0,15.0
51eeac85-6715-11f0-9907-9ffadebc148f,home,88bff512-55bd-11f0-aa84-8366061a4b55,Strasbourg,23.0,4.0,5.0,,22.0,35.0,28.0,80.0,PT225M,,96.0,25.0,8.0,32.0,42.0,22.0,52.38,42.0,27.0,15.0,7.0,14.0
51eeac85-6715-11f0-9907-9ffadebc148f,away,238ad480-55b8-11f0-ada9-1b2b39c0d600,Dijon,22.0,4.0,4.0,,23.0,24.0,20.0,83.33,PT225M,,98.0,31.0,12.0,38.71,41.0,21.0,51.22,36.0,25.0,11.0,4.0,11.0
0d40cd96-6715-11f0-bea3-27e6e78614e1,home,f43b1b0f-55bc-11f0-84d9-01499d2f0a07,Paris,27.0,1.0,2.0,,20.0,22.0,19.0,86.36,PT200M,,110.0,43.0,17.0,39.53,35.0,20.0,57.14,42.0,25.0,17.0,15.0,16.0
0d40cd96-6715-11f0-bea3-27e6e78614e1,away,9ebf8651-55bb-11f0-b6ad-2f4a48ae850a,Le Portel,24.0,1.0,2.0,,20.0,21.0,14.0,66.67,PT200M,,80.0,28.0,8.0,28.57,38.0,21.0,55.26,40.0,24.0,16.0,8.0,27.0
2d9ef36d-6715-11f0-824e-3deba12f98c8,home,88bff512-55bd-11f0-aa84-8366061a4b55,Strasbourg,19.0,1.0,1.0,,19.0,19.0,13.0,68.42,PT200M,,84.0,33.0,11.0,33.33,39.0,19.0,48.72,43.0,22.0,21.0,6.0,9.0
2d9ef36d-6715-11f0-824e-3deba12f98c8,away,689d1a0a-55bd-11f0-920c-f5c62c2828ba,Saint-Quentin,8.0,1.0,1.0,,19.0,21.0,20.0,95.24,PT200M,,72.0,26.0,10.0,38.46,29.0,11.0,37.93,36.0,24.0,12.0,3.0,16.0
2d649c69-6715-11f0-8699-3deba12f98c8,home,25bcb29d-55bc-11f0-8037-fb553c4eab1b,Lyon-Villeurbanne,16.0,0.0,1.0,,25.0,30.0,24.0,80.0,PT200M,,85.0,30.0,3.0,10.0,39.0,26.0,66.67,39.0,23.0,16.0,6.0,12.0
2d649c69-6715-11f0-8699-3deba12f98c8,away,c281453b-55b7-11f0-a6ef-350ae152a495,Cholet,17.0,1.0,0.0,,27.0,35.0,23.0,65.71,PT200M,,87.0,23.0,8.0,34.78,34.0,20.0,58.82,36.0,25.0,11.0,8.0,14.0
2e2ad2a4-6715-11f0-9c43-3deba12f98c8,home,703aa4cc-55b7-11f0-8fb8-35ef9dc7437a,Bourg-en-Bresse,13.0,3.0,5.0,,20.0,22.0,17.0,77.27,PT200M,,81.0,21.0,8.0,38.1,42.0,20.0,47.62,31.0,19.0,12.0,9.0,9.0
2e2ad2a4-6715-11f0-9c43-3deba12f98c8,away,25bcb29d-55bc-11f0-8037-fb553c4eab1b,Lyon-Villeurbanne,22.0,5.0,3.0,,20.0,23.0,18.0,78.26,PT200M,,79.0,20.0,7.0,35.0,39.0,20.0,51.28,40.0,26.0,14.0,6.0,16.0
52c5d935-6715-11f0-8bd5-9ffadebc148f,home,736b73ae-55bc-11f0-820e-2bf5ce89dac3,Monaco,28.0,8.0,1.0,,20.0,21.0,19.0,90.48,PT200M,,99.0,29.0,12.0,41.38,32.0,22.0,68.75,35.0,28.0,7.0,11.0,16.0
52c5d935-6715-11f0-8bd5-9ffadebc148f,away,7e9f3d8d-55bb-11f0-ae66-df8c8ac8c329,Le Mans,16.0,1.0,8.0,,22.0,11.0,10.0,90.91,PT200M,,85.0,37.0,13.0,35.14,35.0,18.0,51.43,31.0,20.0,11.0,9.0,15.0
0b9cbd14-6715-11f0-8bc6-27e6e78614e1,home,ca771ea2-55bb-11f0-a0bc-85c4b9894a07,Limoges,21.0,2.0,0.0,,22.0,37.0,29.0,78.38,PT200M,,80.0,19.0,5.0,26.32,31.0,18.0,58.06,36.0,26.0,10.0,8.0,14.0
0b9cbd14-6715-11f0-8bc6-27e6e78614e1,away,238ad480-55b8-11f0-ada9-1b2b39c0d600,Dijon,22.0,0.0,2.0,,27.0,19.0,14.0,73.68,PT200M,,76.0,34.0,12.0,35.29,30.0,13.0,43.33,33.0,19.0,14.0,5.0,12.0
2f3f0e0e-6715-11f0-80c4-3deba12f98c8,home,9ebf8651-55bb-11f0-b6ad-2f4a48ae850a,Le Portel,6.0,3.0,0.0,,18.0,29.0,19.0,65.52,PT200M,,65.0,17.0,4.0,23.53,43.0,17.0,39.53,28.0,16.0,12.0,10.0,21.0
2f3f0e0e-6715-11f0-80c4-3deba12f98c8,away,88bff512-55bd-11f0-aa84-8366061a4b55,Strasbourg,29.0,0.0,3.0,,22.0,12.0,9.0,75.0,PT200M,,102.0,18.0,5.0,27.78,50.0,39.0,78.0,38.0,29.0,9.0,12.0,15.0
5390dacf-6715-11f0-8f01-9ffadebc148f,home,238ad480-55b8-11f0-ada9-1b2b39c0d600,Dijon,24.0,4.0,2.0,,27.0,31.0,27.0,87.1,PT200M,,103.0,22.0,12.0,54.55,29.0,20.0,68.97,29.0,25.0,4.0,7.0,16.0
5390dacf-6715-11f0-8f01-9ffadebc148f,away,c3b5d870-55b5-11f0-9d0f-171bcde6f181,Boulazac,14.0,2.0,4.0,,31.0,40.0,31.0,77.5,PT200M,,85.0,27.0,6.0,22.22,30.0,18.0,60.0,29.0,16.0,13.0,12.0,13.0
2f7818cd-6715-11f0-974f-3deba12f98c8,home,e796c4fa-55bc-11f0-a2f1-8f0878f0f894,Nanterre,18.0,2.0,5.0,,20.0,19.0,16.0,84.21,PT200M,,76.0,25.0,6.0,24.0,48.0,21.0,43.75,46.0,27.0,19.0,3.0,12.0
2f7818cd-6715-11f0-974f-3deba12f98c8,away,736b73ae-55bc-11f0-820e-2bf5ce89dac3,Monaco,21.0,6.0,2.0,,22.0,27.0,16.0,59.26,PT200M,,81.0,28.0,9.0,32.14,36.0,19.0,52.78,40.0,27.0,13.0,6.0,10.0
0bedf92c-6715-11f0-9c10-27e6e78614e1,home,c3b5d870-55b5-11f0-9d0f-171bcde6f181,Boulazac,16.0,0.0,3.0,,23.0,22.0,14.0,63.64,PT200M,,65.0,17.0,3.0,17.65,37.0,21.0,56.76,31.0,22.0,9.0,2.0,17.0
0bedf92c-6715-11f0-9c10-27e6e78614e1,away,da0b634d-55bc-11f0-99f8-2dd52d4792f3,Nancy,16.0,3.0,0.0,,25.0,28.0,22.0,78.57,PT200M,,87.0,26.0,9.0,34.62,28.0,19.0,67.86,31.0,25.0,6.0,9.0,12.0
2f0f4845-6715-11f0-bb7e-3deba12f98c8,home,e796c4fa-55bc-11f0-a2f1-8f0878f0f894,Nanterre,26.0,0.0,3.0,,22.0,32.0,19.0,59.38,PT200M,,88.0,20.0,7.0,35.0,49.0,24.0,48.98,43.0,24.0,19.0,8.0,9.0
2f0f4845-6715-11f0-bb7e-3deba12f98c8,away,989c44aa-55b7-11f0-990a-abf64778d398,Chalon/Saône,21.0,3.0,1.0,,27.0,22.0,14.0,63.64,PT199M59S,,82.0,21.0,8.0,38.1,37.0,22.0,59.46,31.0,23.0,8.0,5.0,14.0
531798eb-6715-11f0-840d-9ffadebc148f,home,989c44aa-55b7-11f0-990a-abf64778d398,Chalon/Saône,22.0,1.0,2.0,,31.0,26.0,20.0,76.92,PT200M,,87.0,17.0,5.0,29.41,41.0,26.0,63.41,40.0,30.0,10.0,8.0,20.0
531798eb-6715-11f0-840d-9ffadebc148f,away,25bcb29d-55bc-11f0-8037-fb553c4eab1b,Lyon-Villeurbanne,23.0,2.0,1.0,,23.0,37.0,27.0,72.97,PT200M,,89.0,27.0,8.0,29.63,33.0,19.0,57.58,26.0,18.0,8.0,13.0,12.0
2d795406-6715-11f0-b651-3deba12f98c8,home,736b73ae-55bc-11f0-820e-2bf5ce89dac3,Monaco,21.0,5.0,0.0,,24.0,34.0,23.0,67.65,PT200M,,88.0,21.0,7.0,33.33,34.0,22.0,64.71,33.0,24.0,9.0,8.0,17.0
2d795406-6715-11f0-b651-3deba12f98c8,away,88bff512-55bd-11f0-aa84-8366061a4b55,Strasbourg,7.0,0.0,5.0,,32.0,22.0,17.0,77.27,PT200M,,74.0,24.0,7.0,29.17,37.0,18.0,48.65,35.0,23.0,12.0,9.0,21.0
0c05ec96-6715-11f0-88e1-27e6e78614e1,home,c281453b-55b7-11f0-a6ef-350ae152a495,Cholet,25.0,2.0,0.0,,25.0,30.0,22.0,73.33,PT200M,,98.0,26.0,6.0,23.08,52.0,29.0,55.77,53.0,28.0,25.0,12.0,21.0
0c05ec96-6715-11f0-88e1-27e6e78614e1,away,989c44aa-55b7-11f0-990a-abf64778d398,Chalon/Saône,23.0,0.0,2.0,,30.0,24.0,19.0,79.17,PT200M,,79.0,28.0,8.0,28.57,34.0,18.0,52.94,32.0,22.0,10.0,5.0,24.0
2eada0f9-6715-11f0-976f-3deba12f98c8,home,da0b634d-55bc-11f0-99f8-2dd52d4792f3,Nancy,15.0,4.0,2.0,,21.0,30.0,22.0,73.33,PT200M,,83.0,24.0,9.0,37.5,33.0,17.0,51.52,39.0,28.0,11.0,9.0,20.0
2eada0f9-6715-11f0-976f-3deba12f98c8,away,c3b5d870-55b5-11f0-9d0f-171bcde6f181,Boulazac,15.0,2.0,4.0,,29.0,26.0,17.0,65.38,PT200M,,72.0,29.0,11.0,37.93,31.0,11.0,35.48,34.0,23.0,11.0,10.0,19.0
2e5a1a01-6715-11f0-a9c7-3deba12f98c8,home,238ad480-55b8-11f0-ada9-1b2b39c0d600,Dijon,19.0,4.0,2.0,,31.0,22.0,21.0,95.45,PT200M,,88.0,27.0,9.0,33.33,37.0,20.0,54.05,30.0,20.0,10.0,7.0,15.0
2e5a1a01-6715-11f0-a9c7-3deba12f98c8,away,e796c4fa-55bc-11f0-a2f1-8f0878f0f894,Nanterre,19.0,2.0,4.0,,20.0,34.0,28.0,82.35,PT200M,,97.0,36.0,13.0,36.11,29.0,15.0,51.72,44.0,26.0,18.0,9.0,15.0
2ed02945-6715-11f0-9b46-3deba12f98c8,home,7e9f3d8d-55bb-11f0-ae66-df8c8ac8c329,Le Mans,19.0,2.0,1.0,,17.0,28.0,23.0,82.14,PT200M,,88.0,22.0,7.0,31.82,41.0,22.0,53.66,25.0,16.0,9.0,8.0,9.0
2ed02945-6715-11f0-9b46-3deba12f98c8,away,25bcb29d-55bc-11f0-8037-fb553c4eab1b,Lyon-Villeurbanne,19.0,1.0,2.0,,23.0,14.0,12.0,85.71,PT200M,,91.0,24.0,11.0,45.83,40.0,23.0,57.5,38.0,23.0,15.0,3.0,18.0
0b85709f-6715-11f0-b55a-27e6e78614e1,home,88bff512-55bd-11f0-aa84-8366061a4b55,Strasbourg,17.0,3.0,2.0,,16.0,12.0,9.0,75.0,PT200M,,80.0,31.0,9.0,29.03,39.0,22.0,56.41,37.0,23.0,14.0,3.0,8.0
0b85709f-6715-11f0-b55a-27e6e78614e1,away,9ebf8651-55bb-11f0-b6ad-2f4a48ae850a,Le Portel,19.0,2.0,3.0,,18.0,12.0,8.0,66.67,PT200M,,75.0,30.0,15.0,50.0,26.0,11.0,42.31,32.0,25.0,7.0,2.0,15.0
2e99696a-6715-11f0-8ffe-3deba12f98c8,home,238ad480-55b8-11f0-ada9-1b2b39c0d600,Dijon,23.0,2.0,2.0,,29.0,27.0,24.0,88.89,PT200M,,94.0,31.0,10.0,32.26,27.0,20.0,74.07,27.0,21.0,6.0,8.0,13.0
2e99696a-6715-11f0-8ffe-3deba12f98c8,away,989c44aa-55b7-11f0-990a-abf64778d398,Chalon/Saône,16.0,2.0,2.0,,25.0,41.0,29.0,70.73,PT200M,,91.0,21.0,6.0,28.57,36.0,22.0,61.11,36.0,24.0,12.0,5.0,15.0
2e776fa0-6715-11f0-9b3e-3deba12f98c8,home,25bcb29d-55bc-11f0-8037-fb553c4eab1b,Lyon-Villeurbanne,19.0,6.0,4.0,,22.0,31.0,27.0,87.1,PT250M,,93.0,36.0,8.0,22.22,38.0,21.0,55.26,41.0,28.0,13.0,9.0,19.0
2e776fa0-6715-11f0-9b3e-3deba12f98c8,away,f43b1b0f-55bc-11f0-84d9-01499d2f0a07,Paris,16.0,4.0,5.0,,24.0,18.0,14.0,77.78,PT250M,,98.0,36.0,12.0,33.33,47.0,24.0,51.06,49.0,31.0,18.0,5.0,16.0
2dd07b35-6715-11f0-9650-3deba12f98c8,home,c3b5d870-55b5-11f0-9d0f-171bcde6f181,Boulazac,22.0,3.0,3.0,,23.0,28.0,20.0,71.43,PT200M,,92.0,33.0,10.0,30.3,32.0,21.0,65.62,38.0,25.0,13.0,5.0,8.0
2dd07b35-6715-11f0-9650-3deba12f98c8,away,ca771ea2-55bb-11f0-a0bc-85c4b9894a07,Limoges,17.0,3.0,3.0,,23.0,20.0,15.0,75.0,PT200M,,80.0,25.0,7.0,28.0,39.0,22.0,56.41,35.0,24.0,11.0,4.0,11.0
2d899ed2-6715-11f0-973d-3deba12f98c8,home,ca771ea2-55bb-11f0-a0bc-85c4b9894a07,Limoges,16.0,3.0,0.0,,21.0,22.0,15.0,68.18,PT200M,,74.0,21.0,5.0,23.81,44.0,22.0,50.0,40.0,28.0,12.0,5.0,10.0
2d899ed2-6715-11f0-973d-3deba12f98c8,away,9ebf8651-55bb-11f0-b6ad-2f4a48ae850a,Le Portel,18.0,0.0,3.0,,21.0,16.0,11.0,68.75,PT200M,,79.0,27.0,12.0,44.44,43.0,16.0,37.21,42.0,27.0,15.0,4.0,10.0
2f4ceb1f-6715-11f0-a233-3deba12f98c8,home,506c2d71-55bb-11f0-bf0b-8b5d06fe51cf,Gravelines-Dunkerque,16.0,2.0,2.0,,22.0,37.0,31.0,83.78,PT200M,,91.0,28.0,10.0,35.71,26.0,15.0,57.69,35.0,29.0,6.0,6.0,11.0
2f4ceb1f-6715-11f0-a233-3deba12f98c8,away,689d1a0a-55bd-11f0-920c-f5c62c2828ba,Saint-Quentin,16.0,2.0,2.0,,25.0,18.0,10.0,55.56,PT200M,,75.0,31.0,5.0,16.13,48.0,25.0,52.08,45.0,24.0,21.0,7.0,12.0
0b769052-6715-11f0-928e-27e6e78614e1,home,c3b5d870-55b5-11f0-9d0f-171bcde6f181,Boulazac,23.0,0.0,2.0,,20.0,35.0,25.0,71.43,PT200M,,94.0,22.0,9.0,40.91,29.0,21.0,72.41,41.0,30.0,11.0,8.0,19.0
0b769052-6715-11f0-928e-27e6e78614e1,away,689d1a0a-55bd-11f0-920c-f5c62c2828ba,Saint-Quentin,16.0,3.0,0.0,,27.0,17.0,12.0,70.59,PT200M,,76.0,35.0,12.0,34.29,26.0,14.0,53.85,18.0,14.0,4.0,9.0,11.0
2ebbc281-6715-11f0-b939-3deba12f98c8,home,703aa4cc-55b7-11f0-8fb8-35ef9dc7437a,Bourg-en-Bresse,27.0,1.0,3.0,,25.0,26.0,20.0,76.92,PT200M,,89.0,21.0,7.0,33.33,42.0,24.0,57.14,37.0,27.0,10.0,6.0,11.0
2ebbc281-6715-11f0-b939-3deba12f98c8,away,da0b634d-55bc-11f0-99f8-2dd52d4792f3,Nancy,14.0,3.0,1.0,,23.0,30.0,19.0,63.33,PT200M,,77.0,23.0,6.0,26.09,42.0,20.0,47.62,41.0,25.0,16.0,8.0,13.0
0cf637f3-6715-11f0-b9ed-27e6e78614e1,home,ca771ea2-55bb-11f0-a0bc-85c4b9894a07,Limoges,17.0,1.0,2.0,,27.0,28.0,18.0,64.29,PT200M,,65.0,15.0,5.0,33.33,33.0,16.0,48.48,26.0,18.0,8.0,1.0,15.0
0cf637f3-6715-11f0-b9ed-27e6e78614e1,away,25bcb29d-55bc-11f0-8037-fb553c4eab1b,Lyon-Villeurbanne,19.0,2.0,2.0,,24.0,24.0,19.0,79.17,PT200M,,81.0,18.0,4.0,22.22,41.0,25.0,60.98,36.0,26.0,10.0,8.0,10.0
0c767f2a-6715-11f0-93e6-27e6e78614e1,home,736b73ae-55bc-11f0-820e-2bf5ce89dac3,Monaco,27.0,4.0,0.0,,25.0,24.0,17.0,70.83,PT200M,,92.0,37.0,15.0,40.54,28.0,15.0,53.57,30.0,21.0,9.0,7.0,8.0
0c767f2a-6715-11f0-93e6-27e6e78614e1,away,c3b5d870-55b5-11f0-9d0f-171bcde6f181,Boulazac,18.0,0.0,3.0,,24.0,21.0,16.0,76.19,PT200M,,85.0,24.0,9.0,37.5,33.0,21.0,63.64,36.0,29.0,7.0,3.0,16.0
2dc9b523-6715-11f0-8364-3deba12f98c8,home,7e9f3d8d-55bb-11f0-ae66-df8c8ac8c329,Le Mans,19.0,1.0,2.0,,25.0,18.0,10.0,55.56,PT200M,,87.0,21.0,7.0,33.33,42.0,28.0,66.67,28.0,21.0,7.0,16.0,14.0
2dc9b523-6715-11f0-8364-3deba12f98c8,away,506c2d71-55bb-11f0-bf0b-8b5d06fe51cf,Gravelines-Dunkerque,10.0,2.0,1.0,,20.0,29.0,21.0,72.41,PT200M,,66.0,23.0,5.0,21.74,25.0,15.0,60.0,35.0,27.0,8.0,7.0,24.0
0bd4aab5-6715-11f0-ab66-27e6e78614e1,home,506c2d71-55bb-11f0-bf0b-8b5d06fe51cf,Gravelines-Dunkerque,21.0,2.0,2.0,,16.0,28.0,16.0,57.14,PT200M,,81.0,26.0,11.0,42.31,24.0,16.0,66.67,31.0,23.0,8.0,7.0,15.0
0bd4aab5-6715-11f0-ab66-27e6e78614e1,away,88bff512-55bd-11f0-aa84-8366061a4b55,Strasbourg,20.0,2.0,2.0,,22.0,11.0,9.0,81.82,PT200M,,87.0,30.0,14.0,46.67,38.0,18.0,47.37,33.0,20.0,13.0,11.0,11.0
0c435d61-6715-11f0-b5b4-27e6e78614e1,home,989c44aa-55b7-11f0-990a-abf64778d398,Chalon/Saône,14.0,2.0,6.0,,27.0,30.0,21.0,70.0,PT200M,,67.0,25.0,6.0,24.0,33.0,14.0,42.42,27.0,14.0,13.0,9.0,27.0
0c435d61-6715-11f0-b5b4-27e6e78614e1,away,f43b1b0f-55bc-11f0-84d9-01499d2f0a07,Paris,26.0,6.0,2.0,,26.0,29.0,26.0,89.66,PT200M,,107.0,32.0,15.0,46.88,26.0,18.0,69.23,40.0,26.0,14.0,14.0,24.0
52a5a5e9-6715-11f0-b124-9ffadebc148f,home,e796c4fa-55bc-11f0-a2f1-8f0878f0f894,Nanterre,19.0,1.0,1.0,,25.0,33.0,20.0,60.61,PT200M,,80.0,28.0,10.0,35.71,25.0,15.0,60.0,47.0,36.0,11.0,10.0,21.0
52a5a5e9-6715-11f0-b124-9ffadebc148f,away,689d1a0a-55bd-11f0-920c-f5c62c2828ba,Saint-Quentin,20.0,1.0,1.0,,23.0,21.0,12.0,57.14,PT200M,,75.0,27.0,7.0,25.93,38.0,21.0,55.26,30.0,24.0,6.0,10.0,12.0
2e9298ae-6715-11f0-ba95-3deba12f98c8,home,88bff512-55bd-11f0-aa84-8366061a4b55,Strasbourg,16.0,2.0,1.0,,17.0,12.0,9.0,75.0,PT200M,,89.0,26.0,12.0,46.15,36.0,22.0,61.11,45.0,33.0,12.0,5.0,12.0
2e9298ae-6715-11f0-ba95-3deba12f98c8,away,506c2d71-55bb-11f0-bf0b-8b5d06fe51cf,Gravelines-Dunkerque,15.0,1.0,2.0,,15.0,18.0,13.0,72.22,PT200M,,72.0,30.0,9.0,30.0,32.0,16.0,50.0,24.0,17.0,7.0,3.0,7.0
2f16245d-6715-11f0-9c7d-3deba12f98c8,home,da0b634d-55bc-11f0-99f8-2dd52d4792f3,Nancy,18.0,2.0,1.0,,19.0,27.0,22.0,81.48,PT200M,,88.0,23.0,6.0,26.09,43.0,24.0,55.81,36.0,24.0,12.0,7.0,13.0
2f16245d-6715-11f0-9c7d-3deba12f98c8,away,506c2d71-55bb-11f0-bf0b-8b5d06fe51cf,Gravelines-Dunkerque,19.0,1.0,2.0,,22.0,25.0,21.0,84.0,PT200M,,93.0,29.0,12.0,41.38,29.0,18.0,62.07,27.0,21.0,6.0,5.0,13.0
0bca8ce0-6715-11f0-956e-27e6e78614e1,home,703aa4cc-55b7-11f0-8fb8-35ef9dc7437a,Bourg-en-Bresse,32.0,2.0,0.0,,23.0,25.0,20.0,80.0,PT200M,,109.0,31.0,13.0,41.94,35.0,25.0,71.43,36.0,24.0,12.0,8.0,9.0
0bca8ce0-6715-11f0-956e-27e6e78614e1,away,9ebf8651-55bb-11f0-b6ad-2f4a48ae850a,Le Portel,15.0,0.0,1.0,,21.0,31.0,27.0,87.1,PT200M,,79.0,23.0,6.0,26.09,38.0,17.0,44.74,31.0,15.0,16.0,6.0,15.0
2dde2d34-6715-11f0-9221-3deba12f98c8,home,c281453b-55b7-11f0-a6ef-350ae152a495,Cholet,19.0,2.0,4.0,,23.0,16.0,13.0,81.25,PT200M,,72.0,27.0,7.0,25.93,40.0,19.0,47.5,34.0,25.0,9.0,4.0,14.0
2dde2d34-6715-11f0-9221-3deba12f98c8,away,736b73ae-55bc-11f0-820e-2bf5ce89dac3,Monaco,21.0,4.0,2.0,,21.0,32.0,28.0,87.5,PT200M,,95.0,25.0,13.0,52.0,30.0,14.0,46.67,39.0,33.0,6.0,10.0,13.0
0d836204-6715-11f0-a130-27e6e78614e1,home,c281453b-55b7-11f0-a6ef-350ae152a495,Cholet,17.0,4.0,4.0,,24.0,30.0,22.0,73.33,PT200M,,91.0,23.0,11.0,47.83,38.0,18.0,47.37,39.0,28.0,11.0,4.0,10.0
0d836204-6715-11f0-a130-27e6e78614e1,away,ca771ea2-55bb-11f0-a0bc-85c4b9894a07,Limoges,22.0,4.0,4.0,,28.0,26.0,18.0,69.23,PT200M,,88.0,17.0,6.0,35.29,46.0,26.0,56.52,33.0,25.0,8.0,4.0,10.0
5357f464-6715-11f0-882c-9ffadebc148f,home,c3b5d870-55b5-11f0-9d0f-171bcde6f181,Boulazac,20.0,3.0,0.0,,26.0,38.0,34.0,89.47,PT200M,,94.0,25.0,6.0,24.0,34.0,21.0,61.76,25.0,19.0,6.0,14.0,12.0
5357f464-6715-11f0-882c-9ffadebc148f,away,989c44aa-55b7-11f0-990a-abf64778d398,Chalon/Saône,22.0,0.0,3.0,,31.0,29.0,16.0,55.17,PT200M,,90.0,26.0,14.0,53.85,30.0,16.0,53.33,36.0,25.0,11.0,4.0,21.0
0ba3e92e-6715-11f0-814a-27e6e78614e1,home,da0b634d-55bc-11f0-99f8-2dd52d4792f3,Nancy,16.0,2.0,1.0,,24.0,27.0,20.0,74.07,PT200M,,80.0,26.0,10.0,38.46,29.0,15.0,51.72,31.0,24.0,7.0,3.0,15.0
0ba3e92e-6715-11f0-814a-27e6e78614e1,away,703aa4cc-55b7-11f0-8fb8-35ef9dc7437a,Bourg-en-Bresse,19.0,1.0,2.0,,25.0,31.0,22.0,70.97,PT200M,,88.0,32.0,8.0,25.0,31.0,21.0,67.74,38.0,24.0,14.0,9.0,10.0
0c96c493-6715-11f0-aab9-27e6e78614e1,home,703aa4cc-55b7-11f0-8fb8-35ef9dc7437a,Bourg-en-Bresse,23.0,3.0,2.0,,21.0,40.0,30.0,75.0,PT200M,,101.0,32.0,13.0,40.62,30.0,16.0,53.33,37.0,20.0,17.0,12.0,13.0
0c96c493-6715-11f0-aab9-27e6e78614e1,away,238ad480-55b8-11f0-ada9-1b2b39c0d600,Dijon,22.0,2.0,3.0,,29.0,25.0,21.0,84.0,PT200M,,81.0,20.0,8.0,40.0,32.0,18.0,56.25,27.0,19.0,8.0,5.0,18.0
5337b401-6715-11f0-a7c1-9ffadebc148f,home,25bcb29d-55bc-11f0-8037-fb553c4eab1b,Lyon-Villeurbanne,21.0,3.0,3.0,,19.0,15.0,15.0,100.0,PT200M,,86.0,31.0,11.0,35.48,31.0,19.0,61.29,44.0,34.0,10.0,3.0,14.0
5337b401-6715-11f0-a7c1-9ffadebc148f,away,689d1a0a-55bd-11f0-920c-f5c62c2828ba,Saint-Quentin,22.0,3.0,3.0,,20.0,20.0,13.0,65.0,PT200M,,70.0,30.0,7.0,23.33,38.0,18.0,47.37,33.0,20.0,13.0,5.0,7.0
0bc2e243-6715-11f0-8b5b-27e6e78614e1,home,25bcb29d-55bc-11f0-8037-fb553c4eab1b,Lyon-Villeurbanne,23.0,5.0,4.0,,22.0,16.0,14.0,87.5,PT200M,,91.0,28.0,9.0,32.14,37.0,25.0,67.57,45.0,32.0,13.0,5.0,13.0
0bc2e243-6715-11f0-8b5b-27e6e78614e1,away,7e9f3d8d-55bb-11f0-ae66-df8c8ac8c329,Le Mans,15.0,4.0,5.0,,20.0,21.0,10.0,47.62,PT200M,,66.0,20.0,8.0,40.0,49.0,16.0,32.65,37.0,18.0,19.0,5.0,9.0
0b40ca20-6715-11f0-b0a0-27e6e78614e1,home,989c44aa-55b7-11f0-990a-abf64778d398,Chalon/Saône,19.0,5.0,0.0,,21.0,28.0,23.0,82.14,PT200M,,78.0,31.0,7.0,22.58,31.0,17.0,54.84,36.0,21.0,15.0,10.0,21.0
0b40ca20-6715-11f0-b0a0-27e6e78614e1,away,e796c4fa-55bc-11f0-a2f1-8f0878f0f894,Nanterre,18.0,0.0,5.0,,24.0,28.0,16.0,57.14,PT200M,,86.0,22.0,6.0,27.27,41.0,26.0,63.41,37.0,24.0,13.0,14.0,16.0
2e4c5f84-6715-11f0-80f6-3deba12f98c8,home,ca771ea2-55bb-11f0-a0bc-85c4b9894a07,Limoges,29.0,2.0,1.0,,23.0,28.0,21.0,75.0,PT200M,,95.0,19.0,8.0,42.11,40.0,25.0,62.5,34.0,24.0,10.0,6.0,18.0
2e4c5f84-6715-11f0-80f6-3deba12f98c8,away,989c44aa-55b7-11f0-990a-abf64778d398,Chalon/Saône,30.0,1.0,2.0,,28.0,26.0,16.0,61.54,PT200M,,83.0,24.0,7.0,29.17,34.0,23.0,67.65,28.0,19.0,9.0,6.0,17.0
0c2ba79c-6715-11f0-887a-27e6e78614e1,home,7e9f3d8d-55bb-11f0-ae66-df8c8ac8c329,Le Mans,15.0,1.0,2.0,,27.0,18.0,14.0,77.78,PT200M,,84.0,18.0,6.0,33.33,44.0,26.0,59.09,33.0,22.0,11.0,6.0,10.0
0c2ba79c-6715-11f0-887a-27e6e78614e1,away,703aa4cc-55b7-11f0-8fb8-35ef9dc7437a,Bourg-en-Bresse,25.0,2.0,1.0,,21.0,33.0,24.0,72.73,PT200M,,82.0,27.0,8.0,29.63,28.0,17.0,60.71,31.0,21.0,10.0,6.0,11.0
522f3934-6715-11f0-9e5e-9ffadebc148f,home,e796c4fa-55bc-11f0-a2f1-8f0878f0f894,Nanterre,30.0,2.0,0.0,,21.0,20.0,14.0,70.0,PT200M,,102.0,32.0,18.0,56.25,31.0,17.0,54.84,29.0,20.0,9.0,7.0,11.0
522f3934-6715-11f0-9e5e-9ffadebc148f,away,88bff512-55bd-11f0-aa84-8366061a4b55,Strasbourg,16.0,0.0,3.0,,16.0,27.0,23.0,85.19,PT200M,,88.0,27.0,9.0,33.33,39.0,19.0,48.72,40.0,22.0,18.0,7.0,13.0
52965ef6-6715-11f0-9157-9ffadebc148f,home,f43b1b0f-55bc-11f0-84d9-01499d2f0a07,Paris,18.0,3.0,5.0,,23.0,22.0,14.0,63.64,PT200M,,85.0,24.0,7.0,29.17,39.0,25.0,64.1,30.0,21.0,9.0,6.0,13.0
52965ef6-6715-11f0-9157-9ffadebc148f,away,703aa4cc-55b7-11f0-8fb8-35ef9dc7437a,Bourg-en-Bresse,20.0,4.0,1.0,,23.0,25.0,21.0,84.0,PT200M,,95.0,28.0,14.0,50.0,35.0,16.0,45.71,36.0,24.0,12.0,7.0,16.0
525eeeda-6715-11f0-aad6-9ffadebc148f,home,9ebf8651-55bb-11f0-b6ad-2f4a48ae850a,Le Portel,13.0,7.0,0.0,,21.0,12.0,7.0,58.33,PT200M,,59.0,22.0,6.0,27.27,36.0,17.0,47.22,30.0,23.0,7.0,9.0,19.0
525eeeda-6715-11f0-aad6-9ffadebc148f,away,e796c4fa-55bc-11f0-a2f1-8f0878f0f894,Nanterre,21.0,0.0,7.0,,17.0,23.0,16.0,69.57,PT200M,,90.0,26.0,12.0,46.15,38.0,19.0,50.0,40.0,29.0,11.0,10.0,13.0
0bbaf1d4-6715-11f0-82a2-27e6e78614e1,home,989c44aa-55b7-11f0-990a-abf64778d398,Chalon/Saône,23.0,2.0,3.0,,21.0,23.0,19.0,82.61,PT200M,,84.0,36.0,9.0,25.0,34.0,19.0,55.88,38.0,23.0,15.0,9.0,14.0
0bbaf1d4-6715-11f0-82a2-27e6e78614e1,away,689d1a0a-55bd-11f0-920c-f5c62c2828ba,Saint-Quentin,11.0,3.0,2.0,,26.0,21.0,15.0,71.43,PT200M,,82.0,28.0,13.0,46.43,29.0,14.0,48.28,36.0,25.0,11.0,10.0,20.0
2de4d4d6-6715-11f0-9458-3deba12f98c8,home,f43b1b0f-55bc-11f0-84d9-01499d2f0a07,Paris,23.0,3.0,2.0,,23.0,18.0,15.0,83.33,PT200M,,96.0,37.0,13.0,35.14,36.0,21.0,58.33,45.0,31.0,14.0,11.0,12.0
2de4d4d6-6715-11f0-9458-3deba12f98c8,away,88bff512-55bd-11f0-aa84-8366061a4b55,Strasbourg,18.0,2.0,2.0,,19.0,24.0,13.0,54.17,PT200M,,67.0,27.0,6.0,22.22,33.0,18.0,54.55,38.0,25.0,13.0,6.0,21.0
0ceedd59-6715-11f0-a368-27e6e78614e1,home,c3b5d870-55b5-11f0-9d0f-171bcde6f181,Boulazac,13.0,1.0,4.0,,20.0,23.0,15.0,65.22,PT192M5S,,68.0,20.0,7.0,35.0,31.0,16.0,51.61,36.0,28.0,8.0,3.0,19.0
0ceedd59-6715-11f0-a368-27e6e78614e1,away,703aa4cc-55b7-11f0-8fb8-35ef9dc7437a,Bourg-en-Bresse,24.0,4.0,1.0,,20.0,17.0,9.0,52.94,PT192M5S,,82.0,42.0,15.0,35.71,27.0,14.0,51.85,36.0,20.0,16.0,8.0,10.0
5327f710-6715-11f0-b00d-9ffadebc148f,home,9ebf8651-55bb-11f0-b6ad-2f4a48ae850a,Le Portel,10.0,4.0,5.0,,19.0,19.0,15.0,78.95,PT200M,,72.0,18.0,3.0,16.67,44.0,24.0,54.55,34.0,20.0,14.0,8.0,18.0
5327f710-6715-11f0-b00d-9ffadebc148f,away,7e9f3d8d-55bb-11f0-ae66-df8c8ac8c329,Le Mans,22.0,5.0,4.0,,16.0,12.0,10.0,83.33,PT200M,,94.0,25.0,10.0,40.0,47.0,27.0,57.45,36.0,20.0,16.0,12.0,14.0
0bb374e8-6715-11f0-9c6e-27e6e78614e1,home,c281453b-55b7-11f0-a6ef-350ae152a495,Cholet,18.0,3.0,2.0,,22.0,34.0,27.0,79.41,PT200M,,92.0,33.0,11.0,33.33,31.0,16.0,51.61,42.0,29.0,13.0,5.0,11.0
0bb374e8-6715-11f0-9c6e-27e6e78614e1,away,c3b5d870-55b5-11f0-9d0f-171bcde6f181,Boulazac,19.0,2.0,3.0,,30.0,19.0,15.0,78.95,PT200M,,81.0,29.0,10.0,34.48,35.0,18.0,51.43,33.0,25.0,8.0,6.0,13.0
0d7bb895-6715-11f0-bced-27e6e78614e1,home,238ad480-55b8-11f0-ada9-1b2b39c0d600,Dijon,23.0,3.0,4.0,,28.0,13.0,11.0,84.62,PT200M,,86.0,22.0,9.0,40.91,40.0,24.0,60.0,22.0,18.0,4.0,10.0,16.0
0d7bb895-6715-11f0-bced-27e6e78614e1,away,736b73ae-55bc-11f0-820e-2bf5ce89dac3,Monaco,25.0,4.0,3.0,,18.0,27.0,20.0,74.07,PT200M,,99.0,20.0,7.0,35.0,38.0,29.0,76.32,32.0,25.0,7.0,11.0,18.0
0bfe4c54-6715-11f0-847a-27e6e78614e1,home,25bcb29d-55bc-11f0-8037-fb553c4eab1b,Lyon-Villeurbanne,21.0,0.0,3.0,,26.0,23.0,21.0,91.3,PT200M,,98.0,33.0,13.0,39.39,36.0,19.0,52.78,34.0,22.0,12.0,5.0,8.0
0bfe4c54-6715-11f0-847a-27e6e78614e1,away,736b73ae-55bc-11f0-820e-2bf5ce89dac3,Monaco,24.0,3.0,0.0,,22.0,31.0,28.0,90.32,PT200M,,102.0,24.0,8.0,33.33,41.0,25.0,60.98,36.0,25.0,11.0,5.0,7.0
0c54f4fe-6715-11f0-8fcf-27e6e78614e1,home,506c2d71-55bb-11f0-bf0b-8b5d06fe51cf,Gravelines-Dunkerque,22.0,2.0,2.0,,25.0,15.0,10.0,66.67,PT200M,,107.0,36.0,17.0,47.22,34.0,23.0,67.65,45.0,31.0,14.0,4.0,11.0
0c54f4fe-6715-11f0-8fcf-27e6e78614e1,away,da0b634d-55bc-11f0-99f8-2dd52d4792f3,Nancy,12.0,2.0,2.0,,18.0,23.0,15.0,65.22,PT200M,,79.0,27.0,10.0,37.04,39.0,17.0,43.59,30.0,18.0,12.0,4.0,9.0
523f177e-6715-11f0-9fca-9ffadebc148f,home,703aa4cc-55b7-11f0-8fb8-35ef9dc7437a,Bourg-en-Bresse,22.0,2.0,1.0,,25.0,29.0,23.0,79.31,PT200M,,98.0,36.0,17.0,47.22,24.0,12.0,50.0,30.0,21.0,9.0,7.0,9.0
523f177e-6715-11f0-9fca-9ffadebc148f,away,7e9f3d8d-55bb-11f0-ae66-df8c8ac8c329,Le Mans,11.0,1.0,2.0,,23.0,30.0,22.0,73.33,PT200M,,86.0,29.0,10.0,34.48,31.0,17.0,54.84,37.0,22.0,15.0,4.0,14.0
0d5ea5df-6715-11f0-8b34-27e6e78614e1,home,506c2d71-55bb-11f0-bf0b-8b5d06fe51cf,Gravelines-Dunkerque,17.0,2.0,1.0,,24.0,24.0,17.0,70.83,PT200M,,79.0,27.0,8.0,29.63,34.0,19.0,55.88,36.0,22.0,14.0,4.0,15.0
0d5ea5df-6715-11f0-8b34-27e6e78614e1,away,ca771ea2-55bb-11f0-a0bc-85c4b9894a07,Limoges,15.0,1.0,2.0,,21.0,24.0,13.0,54.17,PT200M,,84.0,14.0,7.0,50.0,43.0,25.0,58.14,33.0,24.0,9.0,7.0,14.0
2f62f2ca-6715-11f0-a5c0-3deba12f98c8,home,989c44aa-55b7-11f0-990a-abf64778d398,Chalon/Saône,20.0,1.0,5.0,,15.0,23.0,17.0,73.91,PT200M,,71.0,21.0,4.0,19.05,39.0,21.0,53.85,39.0,25.0,14.0,6.0,17.0
2f62f2ca-6715-11f0-a5c0-3deba12f98c8,away,7e9f3d8d-55bb-11f0-ae66-df8c8ac8c329,Le Mans,22.0,5.0,1.0,,21.0,24.0,16.0,66.67,PT200M,,89.0,30.0,15.0,50.0,32.0,14.0,43.75,34.0,23.0,11.0,14.0,12.0
2e244b9d-6715-11f0-83b1-3deba12f98c8,home,989c44aa-55b7-11f0-990a-abf64778d398,Chalon/Saône,22.0,2.0,7.0,,18.0,17.0,15.0,88.24,PT200M,,93.0,19.0,8.0,42.11,51.0,27.0,52.94,29.0,18.0,11.0,11.0,14.0
2e244b9d-6715-11f0-83b1-3deba12f98c8,away,da0b634d-55bc-11f0-99f8-2dd52d4792f3,Nancy,18.0,7.0,2.0,,21.0,13.0,8.0,61.54,PT200M,,84.0,20.0,10.0,50.0,37.0,23.0,62.16,30.0,24.0,6.0,8.0,22.0
0cb364a6-6715-11f0-a2fb-27e6e78614e1,home,c3b5d870-55b5-11f0-9d0f-171bcde6f181,Boulazac,17.0,1.0,2.0,,20.0,24.0,14.0,58.33,PT184M5S,,73.0,32.0,9.0,28.12,29.0,16.0,55.17,35.0,25.0,10.0,4.0,19.0
0cb364a6-6715-11f0-a2fb-27e6e78614e1,away,f43b1b0f-55bc-11f0-84d9-01499d2f0a07,Paris,19.0,2.0,1.0,,26.0,18.0,15.0,83.33,PT184M5S,,94.0,36.0,11.0,30.56,39.0,23.0,58.97,46.0,29.0,17.0,9.0,15.0
53cb4cdc-6715-11f0-a2a7-9ffadebc148f,home,25bcb29d-55bc-11f0-8037-fb553c4eab1b,Lyon-Villeurbanne,22.0,1.0,0.0,,16.0,17.0,14.0,82.35,PT200M,,88.0,32.0,8.0,25.0,33.0,25.0,75.76,33.0,20.0,13.0,10.0,9.0
53cb4cdc-6715-11f0-a2a7-9ffadebc148f,away,506c2d71-55bb-11f0-bf0b-8b5d06fe51cf,Gravelines-Dunkerque,19.0,0.0,1.0,,18.0,14.0,9.0,64.29,PT200M,,79.0,30.0,12.0,40.0,28.0,17.0,60.71,27.0,19.0,8.0,4.0,13.0
0c0d2399-6715-11f0-b612-27e6e78614e1,home,689d1a0a-55bd-11f0-920c-f5c62c2828ba,Saint-Quentin,17.0,2.0,1.0,,16.0,16.0,15.0,93.75,PT200M,,86.0,25.0,9.0,36.0,33.0,22.0,66.67,31.0,24.0,7.0,8.0,12.0
0c0d2399-6715-11f0-b612-27e6e78614e1,away,506c2d71-55bb-11f0-bf0b-8b5d06fe51cf,Gravelines-Dunkerque,19.0,1.0,2.0,,21.0,15.0,12.0,80.0,PT200M,,74.0,27.0,8.0,29.63,34.0,19.0,55.88,31.0,19.0,12.0,7.0,14.0
2ec96fa1-6715-11f0-9a37-3deba12f98c8,home,989c44aa-55b7-11f0-990a-abf64778d398,Chalon/Saône,28.0,2.0,1.0,,23.0,28.0,23.0,82.14,PT200M,,87.0,29.0,10.0,34.48,31.0,17.0,54.84,35.0,26.0,9.0,8.0,13.0
2ec96fa1-6715-11f0-9a37-3deba12f98c8,away,c281453b-55b7-11f0-a6ef-350ae152a495,Cholet,11.0,1.0,2.0,,24.0,28.0,17.0,60.71,PT200M,,77.0,20.0,4.0,20.0,39.0,24.0,61.54,33.0,24.0,9.0,3.0,14.0
53a974bb-6715-11f0-9146-9ffadebc148f,home,88bff512-55bd-11f0-aa84-8366061a4b55,Strasbourg,27.0,2.0,1.0,,30.0,27.0,21.0,77.78,PT225M,,114.0,35.0,11.0,31.43,43.0,30.0,69.77,38.0,24.0,14.0,9.0,13.0
53a974bb-6715-11f0-9146-9ffadebc148f,away,736b73ae-55bc-11f0-820e-2bf5ce89dac3,Monaco,27.0,1.0,1.0,,23.0,26.0,21.0,80.77,PT225M,,118.0,32.0,15.0,46.88,34.0,26.0,76.47,28.0,26.0,2.0,4.0,13.0
2d72b8b2-6715-11f0-99f4-3deba12f98c8,home,da0b634d-55bc-11f0-99f8-2dd52d4792f3,Nancy,22.0,9.0,3.0,,26.0,44.0,37.0,84.09,PT200M,,97.0,31.0,8.0,25.81,34.0,18.0,52.94,39.0,25.0,14.0,8.0,14.0
2d72b8b2-6715-11f0-99f4-3deba12f98c8,away,f43b1b0f-55bc-11f0-84d9-01499d2f0a07,Paris,17.0,3.0,8.0,,31.0,32.0,26.0,81.25,PT200M,,90.0,36.0,10.0,27.78,39.0,17.0,43.59,53.0,30.0,23.0,5.0,16.0
0d914a63-6715-11f0-ba90-27e6e78614e1,home,9ebf8651-55bb-11f0-b6ad-2f4a48ae850a,Le Portel,19.0,1.0,2.0,,23.0,20.0,16.0,80.0,PT200M,,85.0,26.0,9.0,34.62,40.0,21.0,52.5,35.0,26.0,9.0,10.0,20.0
0d914a63-6715-11f0-ba90-27e6e78614e1,away,da0b634d-55bc-11f0-99f8-2dd52d4792f3,Nancy,19.0,3.0,1.0,,20.0,27.0,15.0,55.56,PT200M,,97.0,17.0,8.0,47.06,49.0,29.0,59.18,37.0,27.0,10.0,12.0,18.0
2dec4dc2-6715-11f0-9449-3deba12f98c8,home,238ad480-55b8-11f0-ada9-1b2b39c0d600,Dijon,28.0,5.0,1.0,,21.0,10.0,8.0,80.0,PT200M,,102.0,28.0,8.0,28.57,49.0,35.0,71.43,41.0,29.0,12.0,9.0,9.0
2dec4dc2-6715-11f0-9449-3deba12f98c8,away,9ebf8651-55bb-11f0-b6ad-2f4a48ae850a,Le Portel,17.0,2.0,4.0,,13.0,23.0,19.0,82.61,PT200M,,82.0,34.0,11.0,32.35,27.0,15.0,55.56,32.0,23.0,9.0,3.0,15.0
2f0193ef-6715-11f0-9d9b-3deba12f98c8,home,88bff512-55bd-11f0-aa84-8366061a4b55,Strasbourg,24.0,5.0,3.0,,21.0,29.0,21.0,72.41,PT200M,,103.0,27.0,12.0,44.44,45.0,23.0,51.11,48.0,28.0,20.0,4.0,10.0
2f0193ef-6715-11f0-9d9b-3deba12f98c8,away,7e9f3d8d-55bb-11f0-ae66-df8c8ac8c329,Le Mans,22.0,3.0,5.0,,23.0,29.0,27.0,93.1,PT200M,,96.0,30.0,11.0,36.67,38.0,18.0,47.37,31.0,19.0,12.0,7.0,9.0
0d2989af-6715-11f0-b609-27e6e78614e1,home,689d1a0a-55bd-11f0-920c-f5c62c2828ba,Saint-Quentin,19.0,0.0,3.0,,20.0,20.0,14.0,70.0,PT200M,,72.0,22.0,6.0,27.27,43.0,20.0,46.51,38.0,26.0,12.0,7.0,17.0
0d2989af-6715-11f0-b609-27e6e78614e1,away,da0b634d-55bc-11f0-99f8-2dd52d4792f3,Nancy,22.0,3.0,0.0,,20.0,24.0,16.0,66.67,PT200M,,84.0,30.0,8.0,26.67,36.0,22.0,61.11,42.0,30.0,12.0,9.0,15.0
53a18c61-6715-11f0-b3aa-9ffadebc148f,home,e796c4fa-55bc-11f0-a2f1-8f0878f0f894,Nanterre,23.0,5.0,0.0,,23.0,21.0,15.0,71.43,PT200M,,87.0,44.0,14.0,31.82,22.0,15.0,68.18,47.0,31.0,16.0,4.0,12.0
53a18c61-6715-11f0-b3aa-9ffadebc148f,away,238ad480-55b8-11f0-ada9-1b2b39c0d600,Dijon,14.0,0.0,5.0,,24.0,26.0,18.0,69.23,PT200M,,69.0,28.0,7.0,25.0,38.0,15.0,39.47,37.0,23.0,14.0,3.0,7.0
53795ba9-6715-11f0-81a6-9ffadebc148f,home,ca771ea2-55bb-11f0-a0bc-85c4b9894a07,Limoges,29.0,2.0,3.0,,18.0,21.0,17.0,80.95,PT200M,,97.0,19.0,10.0,52.63,36.0,25.0,69.44,32.0,29.0,3.0,4.0,13.0
53795ba9-6715-11f0-81a6-9ffadebc148f,away,e796c4fa-55bc-11f0-a2f1-8f0878f0f894,Nanterre,21.0,3.0,1.0,,17.0,23.0,19.0,82.61,PT200M,,79.0,32.0,8.0,25.0,41.0,18.0,43.9,38.0,19.0,19.0,10.0,7.0
0b8dd72d-6715-11f0-8c5d-27e6e78614e1,home,689d1a0a-55bd-11f0-920c-f5c62c2828ba,Saint-Quentin,15.0,0.0,2.0,,23.0,18.0,14.0,77.78,PT200M,,76.0,24.0,8.0,33.33,38.0,19.0,50.0,31.0,21.0,10.0,4.0,11.0
0b8dd72d-6715-11f0-8c5d-27e6e78614e1,away,25bcb29d-55bc-11f0-8037-fb553c4eab1b,Lyon-Villeurbanne,14.0,2.0,0.0,,21.0,27.0,21.0,77.78,PT200M,,81.0,25.0,10.0,40.0,30.0,15.0,50.0,36.0,24.0,12.0,5.0,16.0
0c7eb77a-6715-11f0-9424-27e6e78614e1,home,25bcb29d-55bc-11f0-8037-fb553c4eab1b,Lyon-Villeurbanne,17.0,3.0,2.0,,27.0,30.0,20.0,66.67,PT200M,,85.0,20.0,7.0,35.0,38.0,22.0,57.89,33.0,23.0,10.0,10.0,13.0
0c7eb77a-6715-11f0-9424-27e6e78614e1,away,989c44aa-55b7-11f0-990a-abf64778d398,Chalon/Saône,18.0,2.0,3.0,,27.0,33.0,28.0,84.85,PT200M,,86.0,16.0,2.0,12.5,47.0,26.0,55.32,38.0,23.0,15.0,10.0,15.0
2efa02b4-6715-11f0-9bdd-3deba12f98c8,home,c281453b-55b7-11f0-a6ef-350ae152a495,Cholet,19.0,6.0,2.0,,17.0,44.0,33.0,75.0,PT200M,,102.0,22.0,9.0,40.91,34.0,21.0,61.76,34.0,21.0,13.0,9.0,17.0
2efa02b4-6715-11f0-9bdd-3deba12f98c8,away,703aa4cc-55b7-11f0-8fb8-35ef9dc7437a,Bourg-en-Bresse,20.0,2.0,5.0,,32.0,19.0,16.0,84.21,PT200M,,96.0,36.0,14.0,38.89,29.0,19.0,65.52,24.0,14.0,10.0,10.0,18.0
52277182-6715-11f0-927b-9ffadebc148f,home,736b73ae-55bc-11f0-820e-2bf5ce89dac3,Monaco,17.0,2.0,1.0,,22.0,36.0,29.0,80.56,PT200M,,86.0,29.0,9.0,31.03,31.0,15.0,48.39,38.0,28.0,10.0,4.0,12.0
52277182-6715-11f0-927b-9ffadebc148f,away,da0b634d-55bc-11f0-99f8-2dd52d4792f3,Nancy,13.0,1.0,2.0,,28.0,26.0,19.0,73.08,PT200M,,94.0,32.0,13.0,40.62,31.0,18.0,58.06,34.0,28.0,6.0,9.0,7.0
530fc5d7-6715-11f0-bf79-9ffadebc148f,home,7e9f3d8d-55bb-11f0-ae66-df8c8ac8c329,Le Mans,15.0,3.0,2.0,,26.0,21.0,16.0,76.19,PT200M,,89.0,29.0,7.0,24.14,46.0,26.0,56.52,32.0,22.0,10.0,9.0,9.0
530fc5d7-6715-11f0-bf79-9ffadebc148f,away,c281453b-55b7-11f0-a6ef-350ae152a495,Cholet,21.0,2.0,3.0,,23.0,28.0,21.0,75.0,PT200M,,94.0,33.0,15.0,45.45,25.0,14.0,56.0,44.0,33.0,11.0,3.0,20.0
0cc9a08e-6715-11f0-bdfa-27e6e78614e1,home,7e9f3d8d-55bb-11f0-ae66-df8c8ac8c329,Le Mans,12.0,2.0,3.0,,18.0,18.0,16.0,88.89,PT200M,,72.0,26.0,6.0,23.08,38.0,19.0,50.0,31.0,21.0,10.0,10.0,8.0
0cc9a08e-6715-11f0-bdfa-27e6e78614e1,away,88bff512-55bd-11f0-aa84-8366061a4b55,Strasbourg,19.0,3.0,2.0,,18.0,15.0,12.0,80.0,PT200M,,84.0,26.0,8.0,30.77,37.0,24.0,64.86,41.0,29.0,12.0,4.0,13.0
52474159-6715-11f0-a091-9ffadebc148f,home,989c44aa-55b7-11f0-990a-abf64778d398,Chalon/Saône,29.0,4.0,0.0,,17.0,24.0,17.0,70.83,PT200M,,109.0,21.0,10.0,47.62,37.0,31.0,83.78,37.0,30.0,7.0,9.0,18.0
52474159-6715-11f0-a091-9ffadebc148f,away,ca771ea2-55bb-11f0-a0bc-85c4b9894a07,Limoges,14.0,0.0,4.0,,21.0,15.0,11.0,73.33,PT200M,,56.0,21.0,3.0,14.29,40.0,18.0,45.0,22.0,12.0,10.0,11.0,18.0
5370cce0-6715-11f0-ac99-9ffadebc148f,home,689d1a0a-55bd-11f0-920c-f5c62c2828ba,Saint-Quentin,31.0,3.0,1.0,,26.0,22.0,17.0,77.27,PT200M,,109.0,20.0,12.0,60.0,46.0,28.0,60.87,29.0,22.0,7.0,13.0,12.0
5370cce0-6715-11f0-ac99-9ffadebc148f,away,88bff512-55bd-11f0-aa84-8366061a4b55,Strasbourg,23.0,1.0,3.0,,23.0,29.0,16.0,55.17,PT200M,,87.0,23.0,7.0,30.43,40.0,25.0,62.5,32.0,19.0,13.0,5.0,20.0
0bf65e4f-6715-11f0-bfe1-27e6e78614e1,home,f43b1b0f-55bc-11f0-84d9-01499d2f0a07,Paris,20.0,3.0,5.0,,33.0,16.0,12.0,75.0,PT198M2S,,94.0,41.0,12.0,29.27,36.0,23.0,63.89,42.0,20.0,22.0,6.0,15.0
0bf65e4f-6715-11f0-bfe1-27e6e78614e1,away,736b73ae-55bc-11f0-820e-2bf5ce89dac3,Monaco,16.0,5.0,3.0,,23.0,40.0,34.0,85.0,PT200M,,99.0,14.0,5.0,35.71,44.0,25.0,56.82,30.0,21.0,9.0,5.0,13.0
0cbb07ab-6715-11f0-b691-27e6e78614e1,home,506c2d71-55bb-11f0-bf0b-8b5d06fe51cf,Gravelines-Dunkerque,15.0,0.0,4.0,,25.0,10.0,8.0,80.0,PT200M,,62.0,33.0,8.0,24.24,32.0,15.0,46.88,28.0,19.0,9.0,2.0,8.0
0cbb07ab-6715-11f0-b691-27e6e78614e1,away,25bcb29d-55bc-11f0-8037-fb553c4eab1b,Lyon-Villeurbanne,15.0,4.0,0.0,,14.0,28.0,18.0,64.29,PT200M,,83.0,22.0,5.0,22.73,40.0,25.0,62.5,48.0,33.0,15.0,2.0,10.0
2f381c16-6715-11f0-8fbe-3deba12f98c8,home,ca771ea2-55bb-11f0-a0bc-85c4b9894a07,Limoges,24.0,5.0,2.0,,21.0,27.0,20.0,74.07,PT200M,,70.0,21.0,4.0,19.05,37.0,19.0,51.35,39.0,31.0,8.0,4.0,10.0
2f381c16-6715-11f0-8fbe-3deba12f98c8,away,c281453b-55b7-11f0-a6ef-350ae152a495,Cholet,16.0,2.0,5.0,,20.0,28.0,24.0,85.71,PT200M,,78.0,29.0,10.0,34.48,32.0,12.0,37.5,35.0,26.0,9.0,3.0,9.0
2f089362-6715-11f0-beab-3deba12f98c8,home,736b73ae-55bc-11f0-820e-2bf5ce89dac3,Monaco,29.0,6.0,3.0,,17.0,33.0,27.0,81.82,PT200M,,113.0,28.0,12.0,42.86,34.0,25.0,73.53,34.0,24.0,10.0,5.0,7.0
2f089362-6715-11f0-beab-3deba12f98c8,away,9ebf8651-55bb-11f0-b6ad-2f4a48ae850a,Le Portel,10.0,3.0,6.0,,24.0,16.0,16.0,100.0,PT200M,,86.0,22.0,10.0,45.45,40.0,20.0,50.0,24.0,17.0,7.0,6.0,11.0
0d141f9e-6715-11f0-bf7e-27e6e78614e1,home,9ebf8651-55bb-11f0-b6ad-2f4a48ae850a,Le Portel,15.0,3.0,1.0,,27.0,27.0,19.0,70.37,PT200M,,78.0,27.0,9.0,33.33,27.0,16.0,59.26,34.0,20.0,14.0,6.0,22.0
0d141f9e-6715-11f0-bf7e-27e6e78614e1,away,989c44aa-55b7-11f0-990a-abf64778d398,Chalon/Saône,23.0,1.0,3.0,,27.0,20.0,17.0,85.0,PT200M,,87.0,28.0,8.0,28.57,38.0,23.0,60.53,35.0,21.0,14.0,9.0,14.0
2d97c633-6715-11f0-8d74-3deba12f98c8,home,989c44aa-55b7-11f0-990a-abf64778d398,Chalon/Saône,24.0,3.0,2.0,,25.0,32.0,24.0,75.0,PT200M,,90.0,33.0,8.0,24.24,28.0,21.0,75.0,39.0,24.0,15.0,8.0,21.0
2d97c633-6715-11f0-8d74-3deba12f98c8,away,c3b5d870-55b5-11f0-9d0f-171bcde6f181,Boulazac,14.0,2.0,3.0,,28.0,26.0,17.0,65.38,PT200M,,74.0,28.0,7.0,25.0,34.0,18.0,52.94,36.0,21.0,15.0,14.0,19.0
0bdc56fd-6715-11f0-8239-27e6e78614e1,home,e796c4fa-55bc-11f0-a2f1-8f0878f0f894,Nanterre,29.0,3.0,2.0,,20.0,21.0,14.0,66.67,PT200M,,91.0,26.0,13.0,50.0,34.0,19.0,55.88,28.0,18.0,10.0,6.0,12.0
0bdc56fd-6715-11f0-8239-27e6e78614e1,away,ca771ea2-55bb-11f0-a0bc-85c4b9894a07,Limoges,26.0,2.0,3.0,,20.0,23.0,21.0,91.3,PT200M,,89.0,22.0,12.0,54.55,33.0,16.0,48.48,27.0,20.0,7.0,3.0,15.0
0cfdeaf9-6715-11f0-87bc-27e6e78614e1,home,703aa4cc-55b7-11f0-8fb8-35ef9dc7437a,Bourg-en-Bresse,19.0,5.0,2.0,,25.0,32.0,22.0,68.75,PT200M,,75.0,31.0,9.0,29.03,27.0,13.0,48.15,28.0,21.0,7.0,7.0,17.0
0cfdeaf9-6715-11f0-87bc-27e6e78614e1,away,f43b1b0f-55bc-11f0-84d9-01499d2f0a07,Paris,16.0,2.0,5.0,,28.0,26.0,21.0,80.77,PT200M,,91.0,28.0,8.0,28.57,38.0,23.0,60.53,46.0,31.0,15.0,8.0,21.0
52fe9b74-6715-11f0-9160-9ffadebc148f,home,506c2d71-55bb-11f0-bf0b-8b5d06fe51cf,Gravelines-Dunkerque,24.0,7.0,3.0,,16.0,18.0,11.0,61.11,PT200M,,100.0,31.0,15.0,48.39,36.0,22.0,61.11,39.0,28.0,11.0,4.0,14.0
52fe9b74-6715-11f0-9160-9ffadebc148f,away,9ebf8651-55bb-11f0-b6ad-2f4a48ae850a,Le Portel,12.0,3.0,7.0,,19.0,10.0,5.0,50.0,PT200M,,78.0,16.0,5.0,31.25,51.0,29.0,56.86,28.0,22.0,6.0,8.0,10.0
0b7db060-6715-11f0-9833-27e6e78614e1,home,736b73ae-55bc-11f0-820e-2bf5ce89dac3,Monaco,13.0,2.0,0.0,,32.0,42.0,35.0,83.33,PT200M,,99.0,26.0,10.0,38.46,34.0,17.0,50.0,30.0,19.0,11.0,8.0,13.0
0b7db060-6715-11f0-9833-27e6e78614e1,away,989c44aa-55b7-11f0-990a-abf64778d398,Chalon/Saône,20.0,0.0,2.0,,33.0,38.0,27.0,71.05,PT200M,,104.0,28.0,9.0,32.14,41.0,25.0,60.98,43.0,23.0,20.0,9.0,19.0
0d4f860b-6715-11f0-98f6-27e6e78614e1,home,25bcb29d-55bc-11f0-8037-fb553c4eab1b,Lyon-Villeurbanne,20.0,0.0,4.0,,24.0,43.0,37.0,86.05,PT200M,,85.0,25.0,8.0,32.0,25.0,12.0,48.0,37.0,29.0,8.0,8.0,18.0
0d4f860b-6715-11f0-98f6-27e6e78614e1,away,238ad480-55b8-11f0-ada9-1b2b39c0d600,Dijon,21.0,4.0,0.0,,30.0,22.0,15.0,68.18,PT200M,,80.0,27.0,9.0,33.33,33.0,19.0,57.58,30.0,23.0,7.0,7.0,15.0
52b520d4-6715-11f0-ba9e-9ffadebc148f,home,9ebf8651-55bb-11f0-b6ad-2f4a48ae850a,Le Portel,11.0,3.0,4.0,,21.0,24.0,15.0,62.5,PT200M,,63.0,17.0,2.0,11.76,46.0,21.0,45.65,31.0,22.0,9.0,8.0,11.0
52b520d4-6715-11f0-ba9e-9ffadebc148f,away,703aa4cc-55b7-11f0-8fb8-35ef9dc7437a,Bourg-en-Bresse,31.0,4.0,3.0,,22.0,27.0,20.0,74.07,PT200M,,92.0,27.0,10.0,37.04,36.0,21.0,58.33,49.0,34.0,15.0,3.0,16.0
2d6c1938-6715-11f0-8b59-3deba12f98c8,home,689d1a0a-55bd-11f0-920c-f5c62c2828ba,Saint-Quentin,20.0,0.0,1.0,,22.0,18.0,10.0,55.56,PT200M,,77.0,30.0,13.0,43.33,29.0,14.0,48.28,31.0,23.0,8.0,7.0,15.0
2d6c1938-6715-11f0-8b59-3deba12f98c8,away,238ad480-55b8-11f0-ada9-1b2b39c0d600,Dijon,26.0,1.0,0.0,,22.0,17.0,14.0,82.35,PT200M,,83.0,27.0,11.0,40.74,31.0,18.0,58.06,34.0,28.0,6.0,6.0,13.0
2dbb92a5-6715-11f0-8a33-3deba12f98c8,home,9ebf8651-55bb-11f0-b6ad-2f4a48ae850a,Le Portel,17.0,1.0,2.0,,25.0,26.0,21.0,80.77,PT200M,,88.0,25.0,11.0,44.0,37.0,17.0,45.95,29.0,24.0,5.0,5.0,11.0
2dbb92a5-6715-11f0-8a33-3deba12f98c8,away,25bcb29d-55bc-11f0-8037-fb553c4eab1b,Lyon-Villeurbanne,25.0,2.0,1.0,,25.0,29.0,25.0,86.21,PT200M,,98.0,25.0,9.0,36.0,37.0,23.0,62.16,40.0,32.0,8.0,5.0,12.0
53893e22-6715-11f0-a2bc-9ffadebc148f,home,506c2d71-55bb-11f0-bf0b-8b5d06fe51cf,Gravelines-Dunkerque,20.0,0.0,3.0,,22.0,18.0,13.0,72.22,PT200M,,83.0,33.0,12.0,36.36,29.0,17.0,58.62,33.0,26.0,7.0,3.0,13.0
53893e22-6715-11f0-a2bc-9ffadebc148f,away,7e9f3d8d-55bb-11f0-ae66-df8c8ac8c329,Le Mans,19.0,3.0,0.0,,17.0,22.0,13.0,59.09,PT200M,,96.0,21.0,11.0,52.38,43.0,25.0,58.14,30.0,25.0,5.0,5.0,7.0
2e8505fa-6715-11f0-b59b-3deba12f98c8,home,f43b1b0f-55bc-11f0-84d9-01499d2f0a07,Paris,17.0,7.0,1.0,,21.0,23.0,21.0,91.3,PT200M,,110.0,38.0,17.0,44.74,28.0,19.0,67.86,45.0,31.0,14.0,5.0,15.0
2e8505fa-6715-11f0-b59b-3deba12f98c8,away,7e9f3d8d-55bb-11f0-ae66-df8c8ac8c329,Le Mans,20.0,1.0,5.0,,18.0,22.0,19.0,86.36,PT200M,,92.0,34.0,11.0,32.35,45.0,20.0,44.44,34.0,18.0,16.0,9.0,8.0
532fcdf4-6715-11f0-9817-9ffadebc148f,home,ca771ea2-55bb-11f0-a0bc-85c4b9894a07,Limoges,17.0,1.0,2.0,,14.0,28.0,20.0,71.43,PT200M,,93.0,18.0,5.0,27.78,42.0,29.0,69.05,36.0,26.0,10.0,10.0,11.0
532fcdf4-6715-11f0-9817-9ffadebc148f,away,506c2d71-55bb-11f0-bf0b-8b5d06fe51cf,Gravelines-Dunkerque,19.0,2.0,1.0,,23.0,12.0,9.0,75.0,PT200M,,64.0,31.0,7.0,22.58,28.0,17.0,60.71,28.0,20.0,8.0,8.0,16.0
51e6fda2-6715-11f0-85c9-9ffadebc148f,home,7e9f3d8d-55bb-11f0-ae66-df8c8ac8c329,Le Mans,20.0,6.0,0.0,,15.0,19.0,16.0,84.21,PT200M,,79.0,26.0,7.0,26.92,33.0,21.0,63.64,33.0,24.0,9.0,5.0,13.0
51e6fda2-6715-11f0-85c9-9ffadebc148f,away,e796c4fa-55bc-11f0-a2f1-8f0878f0f894,Nanterre,19.0,0.0,6.0,,22.0,11.0,7.0,63.64,PT200M,,71.0,28.0,8.0,28.57,44.0,20.0,45.45,43.0,23.0,20.0,7.0,16.0
0d8a4e3d-6715-11f0-9498-27e6e78614e1,home,703aa4cc-55b7-11f0-8fb8-35ef9dc7437a,Bourg-en-Bresse,17.0,4.0,1.0,,22.0,34.0,27.0,79.41,PT200M,,86.0,27.0,11.0,40.74,27.0,13.0,48.15,34.0,24.0,10.0,7.0,18.0
0d8a4e3d-6715-11f0-9498-27e6e78614e1,away,e796c4fa-55bc-11f0-a2f1-8f0878f0f894,Nanterre,20.0,1.0,4.0,,29.0,18.0,16.0,88.89,PT200M,,83.0,19.0,5.0,26.32,47.0,26.0,55.32,32.0,21.0,11.0,10.0,13.0
0b6e3559-6715-11f0-9110-27e6e78614e1,home,9ebf8651-55bb-11f0-b6ad-2f4a48ae850a,Le Portel,18.0,0.0,2.0,,19.0,16.0,12.0,75.0,PT200M,,63.0,24.0,5.0,20.83,34.0,18.0,52.94,36.0,28.0,8.0,6.0,21.0
0b6e3559-6715-11f0-9110-27e6e78614e1,away,736b73ae-55bc-11f0-820e-2bf5ce89dac3,Monaco,30.0,2.0,0.0,,17.0,19.0,13.0,68.42,PT200M,,84.0,32.0,9.0,28.12,37.0,22.0,59.46,39.0,29.0,10.0,10.0,11.0
0d65b2e5-6715-11f0-9e94-27e6e78614e1,home,689d1a0a-55bd-11f0-920c-f5c62c2828ba,Saint-Quentin,20.0,4.0,5.0,,24.0,22.0,17.0,77.27,PT200M,,77.0,26.0,8.0,30.77,41.0,18.0,43.9,49.0,31.0,18.0,6.0,19.0
0d65b2e5-6715-11f0-9e94-27e6e78614e1,away,c281453b-55b7-11f0-a6ef-350ae152a495,Cholet,14.0,5.0,4.0,,21.0,26.0,18.0,69.23,PT200M,,68.0,27.0,6.0,22.22,40.0,16.0,40.0,43.0,25.0,18.0,11.0,17.0
2f313ebe-6715-11f0-9cb0-3deba12f98c8,home,989c44aa-55b7-11f0-990a-abf64778d398,Chalon/Saône,16.0,2.0,3.0,,20.0,15.0,11.0,73.33,PT200M,,78.0,22.0,7.0,31.82,43.0,23.0,53.49,34.0,25.0,9.0,8.0,20.0
2f313ebe-6715-11f0-9cb0-3deba12f98c8,away,736b73ae-55bc-11f0-820e-2bf5ce89dac3,Monaco,22.0,3.0,2.0,,25.0,25.0,16.0,64.0,PT200M,,92.0,24.0,14.0,58.33,34.0,17.0,50.0,30.0,24.0,6.0,12.0,17.0
2dc302b4-6715-11f0-beb9-3deba12f98c8,home,736b73ae-55bc-11f0-820e-2bf5ce89dac3,Monaco,14.0,1.0,1.0,,22.0,29.0,24.0,82.76,PT250M,,105.0,38.0,13.0,34.21,41.0,21.0,51.22,44.0,35.0,9.0,10.0,11.0
2dc302b4-6715-11f0-beb9-3deba12f98c8,away,e796c4fa-55bc-11f0-a2f1-8f0878f0f894,Nanterre,27.0,1.0,1.0,,29.0,18.0,9.0,50.0,PT250M,,98.0,29.0,9.0,31.03,54.0,31.0,57.41,50.0,37.0,13.0,7.0,17.0
53069d6d-6715-11f0-a68a-9ffadebc148f,home,da0b634d-55bc-11f0-99f8-2dd52d4792f3,Nancy,23.0,4.0,2.0,,17.0,23.0,15.0,65.22,PT200M,,82.0,18.0,7.0,38.89,40.0,23.0,57.5,32.0,19.0,13.0,3.0,12.0
53069d6d-6715-11f0-a68a-9ffadebc148f,away,88bff512-55bd-11f0-aa84-8366061a4b55,Strasbourg,23.0,3.0,4.0,,22.0,20.0,16.0,80.0,PT200M,,86.0,28.0,8.0,28.57,37.0,23.0,62.16,33.0,21.0,12.0,3.0,10.0
0c4d9879-6715-11f0-bd72-27e6e78614e1,home,7e9f3d8d-55bb-11f0-ae66-df8c8ac8c329,Le Mans,32.0,6.0,0.0,,14.0,31.0,20.0,64.52,PT200M,,107.0,27.0,11.0,40.74,39.0,27.0,69.23,38.0,27.0,11.0,12.0,10.0
0c4d9879-6715-11f0-bd72-27e6e78614e1,away,9ebf8651-55bb-11f0-b6ad-2f4a48ae850a,Le Portel,15.0,1.0,7.0,,23.0,12.0,7.0,58.33,PT200M,,68.0,22.0,5.0,22.73,42.0,23.0,54.76,32.0,23.0,9.0,7.0,19.0
2f865624-6715-11f0-b447-3deba12f98c8,home,238ad480-55b8-11f0-ada9-1b2b39c0d600,Dijon,17.0,1.0,3.0,,28.0,22.0,18.0,81.82,PT200M,,86.0,26.0,8.0,30.77,45.0,22.0,48.89,24.0,14.0,10.0,10.0,9.0
2f865624-6715-11f0-b447-3deba12f98c8,away,ca771ea2-55bb-11f0-a0bc-85c4b9894a07,Limoges,29.0,3.0,0.0,,19.0,33.0,24.0,72.73,PT200M,,101.0,14.0,5.0,35.71,42.0,31.0,73.81,41.0,31.0,10.0,6.0,16.0
0c86e7dd-6715-11f0-ac7c-27e6e78614e1,home,88bff512-55bd-11f0-aa84-8366061a4b55,Strasbourg,15.0,1.0,4.0,,22.0,15.0,12.0,80.0,PT200M,,86.0,31.0,12.0,38.71,42.0,19.0,45.24,44.0,27.0,17.0,7.0,12.0
0c86e7dd-6715-11f0-ac7c-27e6e78614e1,away,da0b634d-55bc-11f0-99f8-2dd52d4792f3,Nancy,11.0,4.0,1.0,,18.0,21.0,14.0,66.67,PT200M,,82.0,26.0,8.0,30.77,35.0,22.0,62.86,32.0,24.0,8.0,6.0,14.0
2d90a3da-6715-11f0-b68b-3deba12f98c8,home,506c2d71-55bb-11f0-bf0b-8b5d06fe51cf,Gravelines-Dunkerque,10.0,3.0,3.0,,20.0,17.0,9.0,52.94,PT200M,,75.0,23.0,8.0,34.78,40.0,21.0,52.5,26.0,17.0,9.0,8.0,12.0
2d90a3da-6715-11f0-b68b-3deba12f98c8,away,703aa4cc-55b7-11f0-8fb8-35ef9dc7437a,Bourg-en-Bresse,15.0,3.0,3.0,,20.0,21.0,17.0,80.95,PT200M11S,,84.0,23.0,9.0,39.13,35.0,20.0,57.14,37.0,27.0,10.0,6.0,16.0
5217c19d-6715-11f0-a7b6-9ffadebc148f,home,ca771ea2-55bb-11f0-a0bc-85c4b9894a07,Limoges,22.0,1.0,2.0,,20.0,27.0,21.0,77.78,PT200M,,80.0,25.0,11.0,44.0,31.0,13.0,41.94,29.0,21.0,8.0,6.0,13.0
5217c19d-6715-11f0-a7b6-9ffadebc148f,away,f43b1b0f-55bc-11f0-84d9-01499d2f0a07,Paris,23.0,2.0,1.0,,26.0,15.0,10.0,66.67,PT200M,,86.0,37.0,14.0,37.84,23.0,17.0,73.91,38.0,27.0,11.0,4.0,15.0
2e01d947-6715-11f0-981f-3deba12f98c8,home,506c2d71-55bb-11f0-bf0b-8b5d06fe51cf,Gravelines-Dunkerque,13.0,3.0,1.0,,24.0,34.0,26.0,76.47,PT200M,,86.0,25.0,8.0,32.0,33.0,18.0,54.55,36.0,26.0,10.0,4.0,15.0
2e01d947-6715-11f0-981f-3deba12f98c8,away,989c44aa-55b7-11f0-990a-abf64778d398,Chalon/Saône,18.0,1.0,3.0,,29.0,25.0,19.0,76.0,PT200M,,78.0,19.0,3.0,15.79,46.0,25.0,54.35,39.0,26.0,13.0,6.0,15.0
0c3c0409-6715-11f0-880a-27e6e78614e1,home,703aa4cc-55b7-11f0-8fb8-35ef9dc7437a,Bourg-en-Bresse,15.0,2.0,5.0,,24.0,34.0,23.0,67.65,PT200M,,87.0,30.0,10.0,33.33,33.0,17.0,51.52,38.0,23.0,15.0,4.0,12.0
0c3c0409-6715-11f0-880a-27e6e78614e1,away,c281453b-55b7-11f0-a6ef-350ae152a495,Cholet,24.0,5.0,2.0,,31.0,27.0,18.0,66.67,PT200M,,93.0,20.0,11.0,55.0,36.0,21.0,58.33,33.0,28.0,5.0,5.0,15.0
533fb1df-6715-11f0-a8e0-9ffadebc148f,home,c281453b-55b7-11f0-a6ef-350ae152a495,Cholet,30.0,2.0,2.0,,20.0,39.0,31.0,79.49,PT200M,,111.0,37.0,18.0,48.65,25.0,13.0,52.0,40.0,32.0,8.0,12.0,13.0
533fb1df-6715-11f0-a8e0-9ffadebc148f,away,238ad480-55b8-11f0-ada9-1b2b39c0d600,Dijon,24.0,2.0,2.0,,27.0,21.0,19.0,90.48,PT200M,,74.0,38.0,9.0,23.68,24.0,14.0,58.33,35.0,28.0,7.0,6.0,18.0
0d0504a0-6715-11f0-98ab-27e6e78614e1,home,c281453b-55b7-11f0-a6ef-350ae152a495,Cholet,17.0,3.0,1.0,,22.0,19.0,16.0,84.21,PT200M,,76.0,20.0,4.0,20.0,40.0,24.0,60.0,33.0,26.0,7.0,3.0,18.0
0d0504a0-6715-11f0-98ab-27e6e78614e1,away,e796c4fa-55bc-11f0-a2f1-8f0878f0f894,Nanterre,22.0,1.0,3.0,,21.0,24.0,22.0,91.67,PT200M,,78.0,27.0,8.0,29.63,36.0,16.0,44.44,40.0,26.0,14.0,11.0,18.0
524f575b-6715-11f0-bd6d-9ffadebc148f,home,238ad480-55b8-11f0-ada9-1b2b39c0d600,Dijon,32.0,6.0,3.0,,37.0,22.0,15.0,68.18,PT225M,,119.0,36.0,16.0,44.44,38.0,28.0,73.68,27.0,22.0,5.0,8.0,16.0
524f575b-6715-11f0-bd6d-9ffadebc148f,away,689d1a0a-55bd-11f0-920c-f5c62c2828ba,Saint-Quentin,23.0,3.0,6.0,,26.0,39.0,29.0,74.36,PT225M,,127.0,33.0,16.0,48.48,45.0,25.0,55.56,50.0,31.0,19.0,8.0,21.0
2f714744-6715-11f0-8885-3deba12f98c8,home,c281453b-55b7-11f0-a6ef-350ae152a495,Cholet,19.0,5.0,0.0,,19.0,32.0,29.0,90.62,PT200M,,91.0,25.0,6.0,24.0,34.0,22.0,64.71,41.0,30.0,11.0,5.0,13.0
2f714744-6715-11f0-8885-3deba12f98c8,away,506c2d71-55bb-11f0-bf0b-8b5d06fe51cf,Gravelines-Dunkerque,19.0,0.0,5.0,,26.0,23.0,19.0,82.61,PT200M,,85.0,39.0,16.0,41.03,27.0,9.0,33.33,31.0,20.0,11.0,6.0,8.0
5347c9a1-6715-11f0-a03d-9ffadebc148f,home,88bff512-55bd-11f0-aa84-8366061a4b55,Strasbourg,18.0,1.0,4.0,,22.0,22.0,14.0,63.64,PT200M,,86.0,28.0,10.0,35.71,47.0,21.0,44.68,51.0,27.0,24.0,7.0,21.0
5347c9a1-6715-11f0-a03d-9ffadebc148f,away,f43b1b0f-55bc-11f0-84d9-01499d2f0a07,Paris,17.0,4.0,1.0,,17.0,25.0,18.0,72.0,PT200M,,92.0,36.0,12.0,33.33,33.0,19.0,57.58,35.0,22.0,13.0,10.0,14.0
52e6b8cd-6715-11f0-860f-9ffadebc148f,home,703aa4cc-55b7-11f0-8fb8-35ef9dc7437a,Bourg-en-Bresse,18.0,2.0,0.0,,20.0,28.0,20.0,71.43,PT200M,,92.0,26.0,10.0,38.46,39.0,21.0,53.85,37.0,22.0,15.0,9.0,10.0
52e6b8cd-6715-11f0-860f-9ffadebc148f,away,ca771ea2-55bb-11f0-a0bc-85c4b9894a07,Limoges,18.0,0.0,2.0,,22.0,10.0,7.0,70.0,PT200M,,71.0,21.0,4.0,19.05,39.0,26.0,66.67,33.0,23.0,10.0,4.0,16.0
53db03bb-6715-11f0-ac5e-9ffadebc148f,home,c3b5d870-55b5-11f0-9d0f-171bcde6f181,Boulazac,13.0,2.0,0.0,,26.0,20.0,17.0,85.0,PT200M,,68.0,35.0,7.0,20.0,34.0,15.0,44.12,51.0,34.0,17.0,8.0,17.0
53db03bb-6715-11f0-ac5e-9ffadebc148f,away,c281453b-55b7-11f0-a6ef-350ae152a495,Cholet,18.0,0.0,2.0,,22.0,27.0,19.0,70.37,PT200M,,77.0,26.0,6.0,23.08,39.0,20.0,51.28,42.0,31.0,11.0,8.0,10.0
0be4d30c-6715-11f0-b6e1-27e6e78614e1,home,238ad480-55b8-11f0-ada9-1b2b39c0d600,Dijon,18.0,0.0,0.0,,20.0,19.0,16.0,84.21,PT200M,,76.0,31.0,10.0,32.26,29.0,15.0,51.72,25.0,20.0,5.0,10.0,12.0
0be4d30c-6715-11f0-b6e1-27e6e78614e1,away,c281453b-55b7-11f0-a6ef-350ae152a495,Cholet,12.0,0.0,0.0,,24.0,14.0,10.0,71.43,PT200M,,64.0,20.0,6.0,30.0,33.0,18.0,54.55,42.0,30.0,12.0,5.0,27.0
2dd77b25-6715-11f0-921d-3deba12f98c8,home,da0b634d-55bc-11f0-99f8-2dd52d4792f3,Nancy,18.0,6.0,3.0,,23.0,21.0,14.0,66.67,PT200M,,84.0,21.0,8.0,38.1,46.0,23.0,50.0,36.0,22.0,14.0,4.0,11.0
2dd77b25-6715-11f0-921d-3deba12f98c8,away,e796c4fa-55bc-11f0-a2f1-8f0878f0f894,Nanterre,21.0,3.0,7.0,,23.0,33.0,22.0,66.67,PT200M,,91.0,23.0,9.0,39.13,43.0,21.0,48.84,44.0,25.0,19.0,4.0,10.0
2ee419d5-6715-11f0-b9c9-3deba12f98c8,home,c3b5d870-55b5-11f0-9d0f-171bcde6f181,Boulazac,20.0,1.0,1.0,,23.0,27.0,23.0,85.19,PT200M,,84.0,34.0,9.0,26.47,28.0,17.0,60.71,24.0,12.0,12.0,9.0,14.0
2ee419d5-6715-11f0-b9c9-3deba12f98c8,away,e796c4fa-55bc-11f0-a2f1-8f0878f0f894,Nanterre,21.0,1.0,1.0,,25.0,25.0,21.0,84.0,PT200M,,95.0,22.0,12.0,54.55,31.0,19.0,61.29,37.0,26.0,11.0,7.0,17.0
0d990aad-6715-11f0-b598-27e6e78614e1,home,f43b1b0f-55bc-11f0-84d9-01499d2f0a07,Paris,18.0,3.0,0.0,,24.0,9.0,7.0,77.78,PT200M,,99.0,37.0,14.0,37.84,39.0,25.0,64.1,48.0,28.0,20.0,7.0,16.0
0d990aad-6715-11f0-b598-27e6e78614e1,away,689d1a0a-55bd-11f0-920c-f5c62c2828ba,Saint-Quentin,14.0,0.0,3.0,,17.0,23.0,15.0,65.22,PT200M,,69.0,27.0,8.0,29.63,33.0,15.0,45.45,26.0,17.0,9.0,5.0,16.0
2e3ebdc9-6715-11f0-8779-3deba12f98c8,home,c3b5d870-55b5-11f0-9d0f-171bcde6f181,Boulazac,20.0,1.0,2.0,,19.0,29.0,27.0,93.1,PT200M,,79.0,25.0,8.0,32.0,33.0,14.0,42.42,48.0,30.0,18.0,4.0,22.0
2e3ebdc9-6715-11f0-8779-3deba12f98c8,away,238ad480-55b8-11f0-ada9-1b2b39c0d600,Dijon,18.0,2.0,1.0,,28.0,16.0,15.0,93.75,PT200M,,78.0,32.0,11.0,34.38,32.0,15.0,46.88,25.0,18.0,7.0,9.0,7.0
2edd6907-6715-11f0-96a4-3deba12f98c8,home,ca771ea2-55bb-11f0-a0bc-85c4b9894a07,Limoges,18.0,0.0,5.0,,17.0,31.0,28.0,90.32,PT200M,,82.0,24.0,6.0,25.0,42.0,18.0,42.86,39.0,30.0,9.0,5.0,8.0
2edd6907-6715-11f0-96a4-3deba12f98c8,away,88bff512-55bd-11f0-aa84-8366061a4b55,Strasbourg,22.0,5.0,0.0,,22.0,20.0,14.0,70.0,PT200M,,86.0,23.0,6.0,26.09,47.0,27.0,57.45,43.0,32.0,11.0,5.0,7.0
523706ce-6715-11f0-9497-9ffadebc148f,home,c281453b-55b7-11f0-a6ef-350ae152a495,Cholet,33.0,4.0,4.0,,16.0,22.0,15.0,68.18,PT200M,,105.0,31.0,12.0,38.71,42.0,27.0,64.29,43.0,27.0,16.0,12.0,11.0
523706ce-6715-11f0-9497-9ffadebc148f,away,9ebf8651-55bb-11f0-b6ad-2f4a48ae850a,Le Portel,14.0,4.0,4.0,,22.0,14.0,8.0,57.14,PT200M,,58.0,13.0,2.0,15.38,46.0,22.0,47.83,29.0,21.0,8.0,7.0,21.0
2eec2946-6715-11f0-9415-3deba12f98c8,home,689d1a0a-55bd-11f0-920c-f5c62c2828ba,Saint-Quentin,21.0,1.0,3.0,,24.0,20.0,15.0,75.0,PT200M,,77.0,25.0,8.0,32.0,37.0,19.0,51.35,27.0,16.0,11.0,7.0,12.0
2eec2946-6715-11f0-9415-3deba12f98c8,away,ca771ea2-55bb-11f0-a0bc-85c4b9894a07,Limoges,19.0,3.0,1.0,,20.0,32.0,22.0,68.75,PT200M,,86.0,22.0,8.0,36.36,33.0,20.0,60.61,39.0,27.0,12.0,7.0,18.0
520e38ef-6715-11f0-a3dc-9ffadebc148f,home,506c2d71-55bb-11f0-bf0b-8b5d06fe51cf,Gravelines-Dunkerque,23.0,1.0,1.0,,21.0,23.0,18.0,78.26,PT200M,,91.0,34.0,15.0,44.12,25.0,14.0,56.0,29.0,25.0,4.0,3.0,11.0
520e38ef-6715-11f0-a3dc-9ffadebc148f,away,c3b5d870-55b5-11f0-9d0f-171bcde6f181,Boulazac,23.0,1.0,1.0,,18.0,25.0,19.0,76.0,PT200M,,92.0,28.0,9.0,32.14,38.0,23.0,60.53,38.0,27.0,11.0,6.0,6.0
5368720a-6715-11f0-b527-9ffadebc148f,home,da0b634d-55bc-11f0-99f8-2dd52d4792f3,Nancy,25.0,6.0,3.0,,12.0,17.0,13.0,76.47,PT200M,,95.0,19.0,6.0,31.58,41.0,32.0,78.05,46.0,41.0,5.0,10.0,13.0
5368720a-6715-11f0-b527-9ffadebc148f,away,9ebf8651-55bb-11f0-b6ad-2f4a48ae850a,Le Portel,11.0,3.0,6.0,,16.0,9.0,5.0,55.56,PT200M,,50.0,19.0,3.0,15.79,49.0,18.0,36.73,27.0,19.0,8.0,8.0,14.0
0d346b41-6715-11f0-b247-27e6e78614e1,home,88bff512-55bd-11f0-aa84-8366061a4b55,Strasbourg,27.0,5.0,1.0,,23.0,22.0,13.0,59.09,PT200M,,86.0,23.0,5.0,21.74,40.0,29.0,72.5,36.0,26.0,10.0,6.0,12.0
0d346b41-6715-11f0-b247-27e6e78614e1,away,c3b5d870-55b5-11f0-9d0f-171bcde6f181,Boulazac,20.0,1.0,4.0,,25.0,21.0,17.0,80.95,PT200M,,82.0,29.0,11.0,37.93,29.0,16.0,55.17,30.0,24.0,6.0,7.0,15.0
0cac6e1b-6715-11f0-a9f3-27e6e78614e1,home,689d1a0a-55bd-11f0-920c-f5c62c2828ba,Saint-Quentin,17.0,4.0,2.0,,20.0,26.0,16.0,61.54,PT200M,,65.0,27.0,7.0,25.93,33.0,14.0,42.42,35.0,24.0,11.0,6.0,17.0
0cac6e1b-6715-11f0-a9f3-27e6e78614e1,away,e796c4fa-55bc-11f0-a2f1-8f0878f0f894,Nanterre,18.0,2.0,4.0,,23.0,18.0,9.0,50.0,PT200M,,89.0,27.0,8.0,29.63,45.0,28.0,62.22,50.0,33.0,17.0,12.0,14.0
0cc220af-6715-11f0-8302-27e6e78614e1,home,989c44aa-55b7-11f0-990a-abf64778d398,Chalon/Saône,25.0,1.0,2.0,,27.0,29.0,22.0,75.86,PT200M,,90.0,31.0,8.0,25.81,35.0,22.0,62.86,36.0,21.0,15.0,6.0,10.0
0cc220af-6715-11f0-8302-27e6e78614e1,away,238ad480-55b8-11f0-ada9-1b2b39c0d600,Dijon,19.0,2.0,1.0,,27.0,28.0,27.0,96.43,PT200M,,74.0,28.0,5.0,17.86,27.0,16.0,59.26,36.0,24.0,12.0,6.0,20.0
0b309ffa-6715-11f0-b705-27e6e78614e1,home,ca771ea2-55bb-11f0-a0bc-85c4b9894a07,Limoges,21.0,3.0,0.0,,22.0,29.0,27.0,93.1,PT200M,,96.0,19.0,9.0,47.37,40.0,21.0,52.5,36.0,25.0,11.0,9.0,14.0
0b309ffa-6715-11f0-b705-27e6e78614e1,away,703aa4cc-55b7-11f0-8fb8-35ef9dc7437a,Bourg-en-Bresse,17.0,0.0,2.0,,24.0,20.0,11.0,55.0,PT200M,,84.0,22.0,9.0,40.91,38.0,23.0,60.53,24.0,17.0,7.0,4.0,13.0
2ea04677-6715-11f0-8d08-3deba12f98c8,home,736b73ae-55bc-11f0-820e-2bf5ce89dac3,Monaco,27.0,5.0,2.0,,18.0,15.0,11.0,73.33,PT157M20S,,99.0,32.0,14.0,43.75,37.0,23.0,62.16,33.0,24.0,9.0,7.0,14.0
2ea04677-6715-11f0-8d08-3deba12f98c8,away,ca771ea2-55bb-11f0-a0bc-85c4b9894a07,Limoges,15.0,3.0,5.0,,16.0,16.0,12.0,75.0,PT157M20S,,88.0,28.0,8.0,28.57,40.0,26.0,65.0,36.0,26.0,10.0,9.0,15.0
0c9e4842-6715-11f0-81b7-27e6e78614e1,home,9ebf8651-55bb-11f0-b6ad-2f4a48ae850a,Le Portel,15.0,3.0,3.0,,21.0,21.0,12.0,57.14,PT200M,,87.0,27.0,13.0,48.15,40.0,18.0,45.0,46.0,30.0,16.0,4.0,13.0
0c9e4842-6715-11f0-81b7-27e6e78614e1,away,506c2d71-55bb-11f0-bf0b-8b5d06fe51cf,Gravelines-Dunkerque,19.0,3.0,3.0,,23.0,26.0,16.0,61.54,PT200M,,92.0,33.0,12.0,36.36,34.0,20.0,58.82,32.0,24.0,8.0,8.0,6.0
0ca54c63-6715-11f0-9d8c-27e6e78614e1,home,ca771ea2-55bb-11f0-a0bc-85c4b9894a07,Limoges,19.0,1.0,3.0,,23.0,28.0,24.0,85.71,PT200M,,77.0,18.0,5.0,27.78,41.0,19.0,46.34,32.0,24.0,8.0,0.0,10.0
0ca54c63-6715-11f0-9d8c-27e6e78614e1,away,736b73ae-55bc-11f0-820e-2bf5ce89dac3,Monaco,24.0,3.0,1.0,,26.0,20.0,19.0,95.0,PT200M,,94.0,27.0,9.0,33.33,35.0,24.0,68.57,32.0,27.0,5.0,4.0,6.0
2da5d797-6715-11f0-beb2-3deba12f98c8,home,f43b1b0f-55bc-11f0-84d9-01499d2f0a07,Paris,21.0,4.0,2.0,,22.0,18.0,16.0,88.89,PT200M,,107.0,32.0,15.0,46.88,35.0,23.0,65.71,43.0,34.0,9.0,11.0,23.0
2da5d797-6715-11f0-beb2-3deba12f98c8,away,c281453b-55b7-11f0-a6ef-350ae152a495,Cholet,17.0,3.0,4.0,,17.0,27.0,18.0,66.67,PT200M,,84.0,31.0,12.0,38.71,28.0,15.0,53.57,24.0,22.0,2.0,14.0,18.0
2e8c19b5-6715-11f0-87d0-3deba12f98c8,home,e796c4fa-55bc-11f0-a2f1-8f0878f0f894,Nanterre,21.0,0.0,4.0,,25.0,26.0,21.0,80.77,PT200M,,101.0,26.0,14.0,53.85,39.0,19.0,48.72,37.0,25.0,12.0,5.0,10.0
2e8c19b5-6715-11f0-87d0-3deba12f98c8,away,703aa4cc-55b7-11f0-8fb8-35ef9dc7437a,Bourg-en-Bresse,18.0,5.0,0.0,,27.0,24.0,17.0,70.83,PT200M,,93.0,25.0,10.0,40.0,36.0,23.0,63.89,30.0,21.0,9.0,4.0,13.0
0cd8e889-6715-11f0-b88a-27e6e78614e1,home,f43b1b0f-55bc-11f0-84d9-01499d2f0a07,Paris,27.0,7.0,3.0,,30.0,25.0,19.0,76.0,PT200M,,115.0,35.0,14.0,40.0,36.0,27.0,75.0,42.0,26.0,16.0,8.0,14.0
0cd8e889-6715-11f0-b88a-27e6e78614e1,away,ca771ea2-55bb-11f0-a0bc-85c4b9894a07,Limoges,26.0,3.0,7.0,,22.0,39.0,29.0,74.36,PT200M,,93.0,21.0,8.0,38.1,42.0,20.0,47.62,28.0,17.0,11.0,6.0,12.0
536050c2-6715-11f0-a4a3-9ffadebc148f,home,989c44aa-55b7-11f0-990a-abf64778d398,Chalon/Saône,24.0,1.0,9.0,,38.0,33.0,26.0,78.79,PT200M,,100.0,26.0,8.0,30.77,40.0,25.0,62.5,37.0,23.0,14.0,10.0,15.0
536050c2-6715-11f0-a4a3-9ffadebc148f,away,703aa4cc-55b7-11f0-8fb8-35ef9dc7437a,Bourg-en-Bresse,16.0,9.0,1.0,,29.0,50.0,33.0,66.0,PT200M,,84.0,21.0,7.0,33.33,31.0,15.0,48.39,34.0,18.0,16.0,7.0,21.0
0daf5704-6715-11f0-bfac-27e6e78614e1,home,c3b5d870-55b5-11f0-9d0f-171bcde6f181,Boulazac,27.0,1.0,2.0,,21.0,22.0,18.0,81.82,PT200M,,97.0,26.0,11.0,42.31,37.0,23.0,62.16,40.0,28.0,12.0,6.0,12.0
0daf5704-6715-11f0-bfac-27e6e78614e1,away,506c2d71-55bb-11f0-bf0b-8b5d06fe51cf,Gravelines-Dunkerque,13.0,2.0,1.0,,22.0,14.0,13.0,92.86,PT200M,,67.0,35.0,10.0,28.57,17.0,12.0,70.59,20.0,18.0,2.0,3.0,17.0
2e1d98b3-6715-11f0-af89-3deba12f98c8,home,7e9f3d8d-55bb-11f0-ae66-df8c8ac8c329,Le Mans,24.0,3.0,9.0,,16.0,9.0,5.0,55.56,PT200M,,90.0,34.0,11.0,32.35,43.0,26.0,60.47,41.0,21.0,20.0,9.0,7.0
2e1d98b3-6715-11f0-af89-3deba12f98c8,away,689d1a0a-55bd-11f0-920c-f5c62c2828ba,Saint-Quentin,18.0,9.0,3.0,,17.0,10.0,7.0,70.0,PT200M,,74.0,30.0,13.0,43.33,35.0,14.0,40.0,36.0,21.0,15.0,3.0,14.0
2e60d0f8-6715-11f0-b246-3deba12f98c8,home,da0b634d-55bc-11f0-99f8-2dd52d4792f3,Nancy,15.0,2.0,1.0,,20.0,19.0,15.0,78.95,PT200M,,79.0,28.0,6.0,21.43,46.0,23.0,50.0,36.0,20.0,16.0,8.0,8.0
2e60d0f8-6715-11f0-b246-3deba12f98c8,away,736b73ae-55bc-11f0-820e-2bf5ce89dac3,Monaco,24.0,1.0,2.0,,17.0,27.0,20.0,74.07,PT200M,,93.0,25.0,11.0,44.0,32.0,20.0,62.5,37.0,31.0,6.0,6.0,12.0
2f2a8e10-6715-11f0-aef6-3deba12f98c8,home,f43b1b0f-55bc-11f0-84d9-01499d2f0a07,Paris,32.0,5.0,2.0,,26.0,26.0,24.0,92.31,PT200M,,102.0,32.0,12.0,37.5,32.0,21.0,65.62,41.0,29.0,12.0,10.0,19.0
2f2a8e10-6715-11f0-aef6-3deba12f98c8,away,da0b634d-55bc-11f0-99f8-2dd52d4792f3,Nancy,16.0,3.0,5.0,,20.0,19.0,15.0,78.95,PT200M,,73.0,20.0,6.0,30.0,43.0,20.0,46.51,24.0,17.0,7.0,6.0,20.0
0c63bb5e-6715-11f0-bc0c-27e6e78614e1,home,ca771ea2-55bb-11f0-a0bc-85c4b9894a07,Limoges,23.0,3.0,0.0,,19.0,28.0,22.0,78.57,PT200M,,80.0,22.0,8.0,36.36,31.0,17.0,54.84,35.0,28.0,7.0,6.0,15.0
0c63bb5e-6715-11f0-bc0c-27e6e78614e1,away,689d1a0a-55bd-11f0-920c-f5c62c2828ba,Saint-Quentin,16.0,0.0,3.0,,25.0,21.0,13.0,61.9,PT200M,,62.0,29.0,7.0,24.14,30.0,14.0,46.67,30.0,19.0,11.0,9.0,14.0
0c23a3de-6715-11f0-b3f9-27e6e78614e1,home,f43b1b0f-55bc-11f0-84d9-01499d2f0a07,Paris,18.0,3.0,2.0,,15.0,29.0,25.0,86.21,PT200M,,97.0,27.0,12.0,44.44,36.0,18.0,50.0,41.0,26.0,15.0,8.0,18.0
0c23a3de-6715-11f0-b3f9-27e6e78614e1,away,238ad480-55b8-11f0-ada9-1b2b39c0d600,Dijon,28.0,2.0,3.0,,26.0,13.0,13.0,100.0,PT200M,,92.0,34.0,17.0,50.0,28.0,14.0,50.0,24.0,19.0,5.0,6.0,15.0
0d578f8e-6715-11f0-85ed-27e6e78614e1,home,da0b634d-55bc-11f0-99f8-2dd52d4792f3,Nancy,16.0,3.0,3.0,,22.0,27.0,19.0,70.37,PT200M,,76.0,32.0,9.0,28.12,27.0,15.0,55.56,37.0,27.0,10.0,9.0,16.0
0d578f8e-6715-11f0-85ed-27e6e78614e1,away,7e9f3d8d-55bb-11f0-ae66-df8c8ac8c329,Le Mans,18.0,3.0,3.0,,25.0,13.0,10.0,76.92,PT200M,,78.0,25.0,10.0,40.0,40.0,19.0,47.5,36.0,26.0,10.0,6.0,15.0
52eea055-6715-11f0-a491-9ffadebc148f,home,689d1a0a-55bd-11f0-920c-f5c62c2828ba,Saint-Quentin,24.0,5.0,0.0,,18.0,22.0,18.0,81.82,PT200M,,88.0,28.0,10.0,35.71,33.0,20.0,60.61,27.0,21.0,6.0,9.0,10.0
52eea055-6715-11f0-a491-9ffadebc148f,away,c3b5d870-55b5-11f0-9d0f-171bcde6f181,Boulazac,14.0,0.0,5.0,,21.0,15.0,14.0,93.33,PT200M,,81.0,26.0,11.0,42.31,30.0,17.0,56.67,33.0,26.0,7.0,4.0,18.0
531fe910-6715-11f0-a991-9ffadebc148f,home,703aa4cc-55b7-11f0-8fb8-35ef9dc7437a,Bourg-en-Bresse,21.0,4.0,1.0,,22.0,17.0,12.0,70.59,PT200M,,104.0,37.0,14.0,37.84,37.0,25.0,67.57,35.0,19.0,16.0,12.0,6.0
531fe910-6715-11f0-a991-9ffadebc148f,away,736b73ae-55bc-11f0-820e-2bf5ce89dac3,Monaco,19.0,1.0,4.0,,16.0,22.0,17.0,77.27,PT200M,,81.0,23.0,10.0,43.48,29.0,17.0,58.62,30.0,22.0,8.0,1.0,16.0
521f96f7-6715-11f0-9e93-9ffadebc148f,home,f43b1b0f-55bc-11f0-84d9-01499d2f0a07,Paris,21.0,1.0,1.0,,24.0,26.0,24.0,92.31,PT225M,,109.0,42.0,11.0,26.19,41.0,26.0,63.41,46.0,31.0,15.0,14.0,18.0
521f96f7-6715-11f0-9e93-9ffadebc148f,away,506c2d71-55bb-11f0-bf0b-8b5d06fe51cf,Gravelines-Dunkerque,23.0,1.0,1.0,,23.0,29.0,24.0,82.76,PT225M,,115.0,41.0,17.0,41.46,35.0,20.0,57.14,35.0,27.0,8.0,7.0,18.0
2f5b34e4-6715-11f0-9152-3deba12f98c8,home,689d1a0a-55bd-11f0-920c-f5c62c2828ba,Saint-Quentin,25.0,2.0,3.0,,22.0,35.0,22.0,62.86,PT200M,,90.0,26.0,8.0,30.77,45.0,22.0,48.89,35.0,18.0,17.0,8.0,13.0
2f5b34e4-6715-11f0-9152-3deba12f98c8,away,f43b1b0f-55bc-11f0-84d9-01499d2f0a07,Paris,22.0,3.0,2.0,,26.0,23.0,19.0,82.61,PT200M,,103.0,29.0,14.0,48.28,33.0,21.0,63.64,40.0,29.0,11.0,6.0,17.0
0d743342-6715-11f0-b87f-27e6e78614e1,home,e796c4fa-55bc-11f0-a2f1-8f0878f0f894,Nanterre,27.0,4.0,1.0,,28.0,15.0,8.0,53.33,PT200M,,85.0,22.0,9.0,40.91,39.0,25.0,64.1,27.0,20.0,7.0,9.0,12.0
0d743342-6715-11f0-b87f-27e6e78614e1,away,c3b5d870-55b5-11f0-9d0f-171bcde6f181,Boulazac,14.0,1.0,4.0,,21.0,33.0,30.0,90.91,PT200M,,78.0,23.0,8.0,34.78,23.0,12.0,52.17,30.0,24.0,6.0,8.0,18.0
0ce02919-6715-11f0-9d01-27e6e78614e1,home,736b73ae-55bc-11f0-820e-2bf5ce89dac3,Monaco,18.0,1.0,1.0,,21.0,24.0,22.0,91.67,PT200M,,92.0,31.0,12.0,38.71,29.0,17.0,58.62,33.0,24.0,9.0,12.0,19.0
0ce02919-6715-11f0-9d01-27e6e78614e1,away,689d1a0a-55bd-11f0-920c-f5c62c2828ba,Saint-Quentin,17.0,1.0,1.0,,19.0,13.0,8.0,61.54,PT200M,,84.0,27.0,14.0,51.85,39.0,17.0,43.59,35.0,22.0,13.0,8.0,20.0
529e10a4-6715-11f0-878b-9ffadebc148f,home,ca771ea2-55bb-11f0-a0bc-85c4b9894a07,Limoges,22.0,3.0,0.0,,25.0,16.0,16.0,100.0,PT200M,,89.0,31.0,15.0,48.39,25.0,14.0,56.0,21.0,17.0,4.0,6.0,16.0
529e10a4-6715-11f0-878b-9ffadebc148f,away,da0b634d-55bc-11f0-99f8-2dd52d4792f3,Nancy,19.0,0.0,3.0,,18.0,35.0,31.0,88.57,PT200M,,95.0,18.0,8.0,44.44,38.0,20.0,52.63,36.0,23.0,13.0,6.0,17.0
2ea6d391-6715-11f0-81c5-3deba12f98c8,home,25bcb29d-55bc-11f0-8037-fb553c4eab1b,Lyon-Villeurbanne,22.0,6.0,1.0,,17.0,16.0,12.0,75.0,PT200M,,104.0,26.0,8.0,30.77,46.0,34.0,73.91,45.0,36.0,9.0,11.0,12.0
2ea6d391-6715-11f0-81c5-3deba12f98c8,away,9ebf8651-55bb-11f0-b6ad-2f4a48ae850a,Le Portel,11.0,1.0,6.0,,21.0,9.0,5.0,55.56,PT200M,,58.0,27.0,9.0,33.33,34.0,13.0,38.24,26.0,24.0,2.0,6.0,19.0
2e6f0949-6715-11f0-8074-3deba12f98c8,home,c3b5d870-55b5-11f0-9d0f-171bcde6f181,Boulazac,25.0,2.0,3.0,,18.0,13.0,10.0,76.92,PT200M,,86.0,29.0,14.0,48.28,27.0,17.0,62.96,31.0,24.0,7.0,2.0,13.0
2e6f0949-6715-11f0-8074-3deba12f98c8,away,7e9f3d8d-55bb-11f0-ae66-df8c8ac8c329,Le Mans,18.0,3.0,2.0,,13.0,17.0,9.0,52.94,PT200M,,97.0,35.0,16.0,45.71,34.0,20.0,58.82,35.0,20.0,15.0,9.0,6.0
0d484442-6715-11f0-ab46-27e6e78614e1,home,989c44aa-55b7-11f0-990a-abf64778d398,Chalon/Saône,15.0,4.0,5.0,,36.0,21.0,17.0,80.95,PT200M,,69.0,30.0,8.0,26.67,27.0,14.0,51.85,26.0,22.0,4.0,11.0,15.0
0d484442-6715-11f0-ab46-27e6e78614e1,away,88bff512-55bd-11f0-aa84-8366061a4b55,Strasbourg,13.0,5.0,4.0,,22.0,40.0,29.0,72.5,PT200M,,75.0,19.0,4.0,21.05,38.0,17.0,44.74,52.0,32.0,20.0,6.0,23.0
526f03c2-6715-11f0-be20-9ffadebc148f,home,da0b634d-55bc-11f0-99f8-2dd52d4792f3,Nancy,22.0,5.0,3.0,,26.0,32.0,26.0,81.25,PT200M,,96.0,26.0,14.0,53.85,26.0,14.0,53.85,36.0,25.0,11.0,6.0,19.0
526f03c2-6715-11f0-be20-9ffadebc148f,away,238ad480-55b8-11f0-ada9-1b2b39c0d600,Dijon,22.0,3.0,4.0,,28.0,29.0,24.0,82.76,PT200M,,94.0,27.0,8.0,29.63,39.0,23.0,58.97,30.0,18.0,12.0,11.0,9.0
2e0fae6e-6715-11f0-bc03-3deba12f98c8,home,e796c4fa-55bc-11f0-a2f1-8f0878f0f894,Nanterre,26.0,3.0,2.0,,24.0,36.0,30.0,83.33,PT200M,,99.0,32.0,11.0,34.38,34.0,18.0,52.94,34.0,17.0,17.0,6.0,11.0
2e0fae6e-6715-11f0-bc03-3deba12f98c8,away,f43b1b0f-55bc-11f0-84d9-01499d2f0a07,Paris,16.0,2.0,3.0,,27.0,31.0,28.0,90.32,PT200M,,83.0,33.0,9.0,27.27,28.0,14.0,50.0,41.0,21.0,20.0,5.0,21.0
2e5344c4-6715-11f0-8786-3deba12f98c8,home,506c2d71-55bb-11f0-bf0b-8b5d06fe51cf,Gravelines-Dunkerque,16.0,6.0,3.0,,21.0,44.0,39.0,88.64,PT225M,,97.0,38.0,8.0,21.05,33.0,17.0,51.52,43.0,30.0,13.0,3.0,9.0
2e5344c4-6715-11f0-8786-3deba12f98c8,away,c281453b-55b7-11f0-a6ef-350ae152a495,Cholet,21.0,3.0,6.0,,33.0,28.0,20.0,71.43,PT225M,,98.0,34.0,14.0,41.18,43.0,18.0,41.86,48.0,32.0,16.0,5.0,13.0
2e08b283-6715-11f0-a7a0-3deba12f98c8,home,25bcb29d-55bc-11f0-8037-fb553c4eab1b,Lyon-Villeurbanne,20.0,4.0,0.0,,21.0,21.0,18.0,85.71,PT200M,,94.0,26.0,12.0,46.15,31.0,20.0,64.52,32.0,24.0,8.0,5.0,11.0
2e08b283-6715-11f0-a7a0-3deba12f98c8,away,c3b5d870-55b5-11f0-9d0f-171bcde6f181,Boulazac,18.0,0.0,4.0,,22.0,22.0,19.0,86.36,PT200M,,77.0,21.0,8.0,38.1,36.0,17.0,47.22,28.0,18.0,10.0,5.0,12.0
52870af5-6715-11f0-b85e-9ffadebc148f,home,689d1a0a-55bd-11f0-920c-f5c62c2828ba,Saint-Quentin,16.0,1.0,2.0,,27.0,22.0,10.0,45.45,PT200M,,65.0,30.0,7.0,23.33,33.0,17.0,51.52,35.0,26.0,9.0,4.0,22.0
52870af5-6715-11f0-b85e-9ffadebc148f,away,989c44aa-55b7-11f0-990a-abf64778d398,Chalon/Saône,21.0,2.0,1.0,,20.0,31.0,22.0,70.97,PT200M,,86.0,16.0,2.0,12.5,55.0,29.0,52.73,54.0,37.0,17.0,8.0,16.0
2e315f4f-6715-11f0-9bdc-3deba12f98c8,home,736b73ae-55bc-11f0-820e-2bf5ce89dac3,Monaco,24.0,1.0,3.0,,19.0,24.0,21.0,87.5,PT200M,,101.0,25.0,8.0,32.0,42.0,28.0,66.67,29.0,20.0,9.0,9.0,6.0
2e315f4f-6715-11f0-9bdc-3deba12f98c8,away,506c2d71-55bb-11f0-bf0b-8b5d06fe51cf,Gravelines-Dunkerque,16.0,3.0,1.0,,22.0,17.0,13.0,76.47,PT200M,,82.0,23.0,7.0,30.43,37.0,24.0,64.86,33.0,24.0,9.0,2.0,17.0
0b28bc3a-6715-11f0-b78a-27e6e78614e1,home,25bcb29d-55bc-11f0-8037-fb553c4eab1b,Lyon-Villeurbanne,30.0,3.0,2.0,,19.0,20.0,19.0,95.0,PT200M,,115.0,27.0,14.0,51.85,42.0,27.0,64.29,36.0,26.0,10.0,7.0,10.0
0b28bc3a-6715-11f0-b78a-27e6e78614e1,away,da0b634d-55bc-11f0-99f8-2dd52d4792f3,Nancy,14.0,2.0,3.0,,19.0,21.0,17.0,80.95,PT200M,,71.0,24.0,4.0,16.67,41.0,21.0,51.22,30.0,17.0,13.0,8.0,15.0
0da039f9-6715-11f0-8659-27e6e78614e1,home,7e9f3d8d-55bb-11f0-ae66-df8c8ac8c329,Le Mans,13.0,2.0,2.0,,25.0,37.0,27.0,72.97,PT200M,,87.0,23.0,8.0,34.78,35.0,18.0,51.43,36.0,26.0,10.0,9.0,20.0
0da039f9-6715-11f0-8659-27e6e78614e1,away,989c44aa-55b7-11f0-990a-abf64778d398,Chalon/Saône,19.0,2.0,2.0,,31.0,22.0,18.0,81.82,PT200M,,93.0,29.0,13.0,44.83,35.0,18.0,51.43,32.0,24.0,8.0,11.0,18.0
0b9590ec-6715-11f0-bb61-27e6e78614e1,home,e796c4fa-55bc-11f0-a2f1-8f0878f0f894,Nanterre,22.0,2.0,2.0,,24.0,10.0,9.0,90.0,PT200M,,101.0,24.0,8.0,33.33,51.0,34.0,66.67,46.0,28.0,18.0,2.0,8.0
0b9590ec-6715-11f0-bb61-27e6e78614e1,away,506c2d71-55bb-11f0-bf0b-8b5d06fe51cf,Gravelines-Dunkerque,19.0,2.0,2.0,,18.0,29.0,21.0,72.41,PT200M,,79.0,27.0,6.0,22.22,34.0,20.0,58.82,25.0,13.0,12.0,6.0,6.0
0d0c88fe-6715-11f0-9d9c-27e6e78614e1,home,238ad480-55b8-11f0-ada9-1b2b39c0d600,Dijon,27.0,2.0,0.0,,25.0,15.0,14.0,93.33,PT200M,,109.0,27.0,13.0,48.15,37.0,28.0,75.68,34.0,26.0,8.0,9.0,11.0
0d0c88fe-6715-11f0-9d9c-27e6e78614e1,away,506c2d71-55bb-11f0-bf0b-8b5d06fe51cf,Gravelines-Dunkerque,19.0,0.0,2.0,,17.0,19.0,16.0,84.21,PT200M,,83.0,29.0,13.0,44.83,30.0,14.0,46.67,22.0,15.0,7.0,7.0,15.0
0c6cb54d-6715-11f0-940b-27e6e78614e1,home,e796c4fa-55bc-11f0-a2f1-8f0878f0f894,Nanterre,18.0,1.0,6.0,,25.0,16.0,11.0,68.75,PT200M,,73.0,25.0,8.0,32.0,40.0,19.0,47.5,41.0,24.0,17.0,7.0,17.0
0c6cb54d-6715-11f0-940b-27e6e78614e1,away,25bcb29d-55bc-11f0-8037-fb553c4eab1b,Lyon-Villeurbanne,24.0,6.0,2.0,,18.0,29.0,18.0,62.07,PT200M,,76.0,25.0,8.0,32.0,28.0,17.0,60.71,33.0,23.0,10.0,6.0,15.0
0babe3d5-6715-11f0-b54a-27e6e78614e1,home,7e9f3d8d-55bb-11f0-ae66-df8c8ac8c329,Le Mans,21.0,5.0,5.0,,20.0,28.0,17.0,60.71,PT200M,,95.0,26.0,10.0,38.46,42.0,24.0,57.14,35.0,21.0,14.0,17.0,13.0
0babe3d5-6715-11f0-b54a-27e6e78614e1,away,f43b1b0f-55bc-11f0-84d9-01499d2f0a07,Paris,23.0,5.0,5.0,,25.0,27.0,23.0,85.19,PT200M,,89.0,31.0,14.0,45.16,27.0,12.0,44.44,36.0,25.0,11.0,11.0,21.0
2d83038d-6715-11f0-8c78-3deba12f98c8,home,e796c4fa-55bc-11f0-a2f1-8f0878f0f894,Nanterre,26.0,3.0,6.0,,19.0,30.0,22.0,73.33,PT200M,,98.0,26.0,10.0,38.46,46.0,23.0,50.0,41.0,17.0,24.0,9.0,14.0
2d83038d-6715-11f0-8c78-3deba12f98c8,away,7e9f3d8d-55bb-11f0-ae66-df8c8ac8c329,Le Mans,18.0,6.0,2.0,,26.0,11.0,9.0,81.82,PT200M,,88.0,22.0,7.0,31.82,43.0,29.0,67.44,30.0,18.0,12.0,9.0,15.0
0da7b081-6715-11f0-a22f-27e6e78614e1,home,88bff512-55bd-11f0-aa84-8366061a4b55,Strasbourg,19.0,1.0,2.0,,25.0,20.0,10.0,50.0,PT200M,,81.0,24.0,9.0,37.5,36.0,22.0,61.11,28.0,19.0,9.0,11.0,17.0
0da7b081-6715-11f0-a22f-27e6e78614e1,away,25bcb29d-55bc-11f0-8037-fb553c4eab1b,Lyon-Villeurbanne,18.0,2.0,1.0,,19.0,24.0,17.0,70.83,PT200M,,96.0,31.0,13.0,41.94,32.0,20.0,62.5,35.0,24.0,11.0,9.0,15.0
2dacb016-6715-11f0-8a9e-3deba12f98c8,home,238ad480-55b8-11f0-ada9-1b2b39c0d600,Dijon,22.0,1.0,1.0,,30.0,25.0,20.0,80.0,PT200M,,90.0,25.0,10.0,40.0,35.0,20.0,57.14,35.0,25.0,10.0,6.0,12.0
2dacb016-6715-11f0-8a9e-3deba12f98c8,away,da0b634d-55bc-11f0-99f8-2dd52d4792f3,Nancy,19.0,1.0,1.0,,25.0,39.0,23.0,58.97,PT200M,,75.0,20.0,2.0,10.0,43.0,23.0,53.49,42.0,21.0,21.0,4.0,13.0
2f54687a-6715-11f0-81f1-3deba12f98c8,home,703aa4cc-55b7-11f0-8fb8-35ef9dc7437a,Bourg-en-Bresse,21.0,3.0,0.0,,24.0,17.0,13.0,76.47,PT200M,,73.0,27.0,8.0,29.63,28.0,18.0,64.29,29.0,23.0,6.0,6.0,12.0
2f54687a-6715-11f0-81f1-3deba12f98c8,away,c3b5d870-55b5-11f0-9d0f-171bcde6f181,Boulazac,16.0,0.0,3.0,,21.0,24.0,19.0,79.17,PT200M,,70.0,20.0,5.0,25.0,39.0,18.0,46.15,38.0,24.0,14.0,4.0,14.0
5276cc6a-6715-11f0-bb35-9ffadebc148f,home,25bcb29d-55bc-11f0-8037-fb553c4eab1b,Lyon-Villeurbanne,22.0,2.0,0.0,,21.0,15.0,13.0,86.67,PT200M,,90.0,32.0,13.0,40.62,27.0,19.0,70.37,31.0,22.0,9.0,5.0,8.0
5276cc6a-6715-11f0-bb35-9ffadebc148f,away,ca771ea2-55bb-11f0-a0bc-85c4b9894a07,Limoges,19.0,1.0,2.0,,18.0,13.0,10.0,76.92,PT200M,,73.0,15.0,7.0,46.67,43.0,21.0,48.84,25.0,19.0,6.0,6.0,12.0
0cd1323f-6715-11f0-86f4-27e6e78614e1,home,e796c4fa-55bc-11f0-a2f1-8f0878f0f894,Nanterre,19.0,1.0,2.0,,22.0,17.0,12.0,70.59,PT200M,,81.0,30.0,9.0,30.0,40.0,21.0,52.5,41.0,27.0,14.0,7.0,8.0
0cd1323f-6715-11f0-86f4-27e6e78614e1,away,9ebf8651-55bb-11f0-b6ad-2f4a48ae850a,Le Portel,21.0,2.0,1.0,,20.0,26.0,20.0,76.92,PT200M,,74.0,29.0,8.0,27.59,26.0,15.0,57.69,35.0,27.0,8.0,3.0,13.0
0b65c41e-6715-11f0-868c-27e6e78614e1,home,506c2d71-55bb-11f0-bf0b-8b5d06fe51cf,Gravelines-Dunkerque,9.0,4.0,3.0,,21.0,26.0,17.0,65.38,PT200M,,66.0,30.0,5.0,16.67,34.0,17.0,50.0,25.0,15.0,10.0,12.0,17.0
0b65c41e-6715-11f0-868c-27e6e78614e1,away,f43b1b0f-55bc-11f0-84d9-01499d2f0a07,Paris,18.0,3.0,4.0,,23.0,23.0,16.0,69.57,PT200M,,109.0,25.0,13.0,52.0,47.0,27.0,57.45,52.0,34.0,18.0,7.0,17.0
2f7eeb98-6715-11f0-a79c-3deba12f98c8,home,da0b634d-55bc-11f0-99f8-2dd52d4792f3,Nancy,15.0,5.0,1.0,,22.0,23.0,17.0,73.91,PT200M,,82.0,28.0,7.0,25.0,41.0,22.0,53.66,44.0,27.0,17.0,3.0,12.0
2f7eeb98-6715-11f0-a79c-3deba12f98c8,away,25bcb29d-55bc-11f0-8037-fb553c4eab1b,Lyon-Villeurbanne,18.0,1.0,5.0,,25.0,25.0,17.0,68.0,PT200M,,88.0,34.0,13.0,38.24,33.0,16.0,48.48,37.0,24.0,13.0,4.0,8.0
51fea798-6715-11f0-af43-9ffadebc148f,home,736b73ae-55bc-11f0-820e-2bf5ce89dac3,Monaco,22.0,3.0,1.0,,16.0,30.0,26.0,86.67,PT200M,,89.0,32.0,9.0,28.12,25.0,18.0,72.0,28.0,26.0,2.0,8.0,13.0
51fea798-6715-11f0-af43-9ffadebc148f,away,c281453b-55b7-11f0-a6ef-350ae152a495,Cholet,19.0,1.0,3.0,,24.0,13.0,11.0,84.62,PT199M59S,,79.0,30.0,10.0,33.33,36.0,19.0,52.78,38.0,27.0,11.0,3.0,18.0
2e381ae3-6715-11f0-8e76-3deba12f98c8,home,88bff512-55bd-11f0-aa84-8366061a4b55,Strasbourg,21.0,5.0,0.0,,20.0,25.0,19.0,76.0,PT200M,,100.0,25.0,9.0,36.0,39.0,27.0,69.23,38.0,27.0,11.0,8.0,14.0
2e381ae3-6715-11f0-8e76-3deba12f98c8,away,ca771ea2-55bb-11f0-a0bc-85c4b9894a07,Limoges,27.0,0.0,5.0,,23.0,21.0,17.0,80.95,PT200M,,82.0,21.0,9.0,42.86,36.0,19.0,52.78,23.0,18.0,5.0,2.0,14.0
0c8f110b-6715-11f0-afd9-27e6e78614e1,home,c281453b-55b7-11f0-a6ef-350ae152a495,Cholet,19.0,1.0,2.0,,26.0,26.0,17.0,65.38,PT200M,,80.0,25.0,9.0,36.0,35.0,18.0,51.43,34.0,26.0,8.0,5.0,15.0
0c8f110b-6715-11f0-afd9-27e6e78614e1,away,7e9f3d8d-55bb-11f0-ae66-df8c8ac8c329,Le Mans,15.0,2.0,1.0,,25.0,25.0,18.0,72.0,PT200M,,84.0,27.0,10.0,37.04,31.0,18.0,58.06,35.0,30.0,5.0,5.0,14.0
2df3b75d-6715-11f0-b2b0-3deba12f98c8,home,689d1a0a-55bd-11f0-920c-f5c62c2828ba,Saint-Quentin,18.0,1.0,2.0,,21.0,21.0,15.0,71.43,PT200M,,75.0,24.0,8.0,33.33,40.0,18.0,45.0,33.0,19.0,14.0,6.0,12.0
2df3b75d-6715-11f0-b2b0-3deba12f98c8,away,703aa4cc-55b7-11f0-8fb8-35ef9dc7437a,Bourg-en-Bresse,24.0,2.0,1.0,,23.0,24.0,18.0,75.0,PT200M,,88.0,25.0,8.0,32.0,33.0,23.0,69.7,37.0,27.0,10.0,6.0,15.0
520681af-6715-11f0-91bb-9ffadebc148f,home,9ebf8651-55bb-11f0-b6ad-2f4a48ae850a,Le Portel,18.0,4.0,5.0,,21.0,17.0,10.0,58.82,PT200M,,72.0,23.0,6.0,26.09,39.0,22.0,56.41,28.0,19.0,9.0,5.0,15.0
520681af-6715-11f0-91bb-9ffadebc148f,away,689d1a0a-55bd-11f0-920c-f5c62c2828ba,Saint-Quentin,27.0,5.0,4.0,,16.0,22.0,17.0,77.27,PT200M,,108.0,29.0,11.0,37.93,45.0,29.0,64.44,47.0,29.0,18.0,8.0,10.0
52ce1e74-6715-11f0-9fab-9ffadebc148f,home,238ad480-55b8-11f0-ada9-1b2b39c0d600,Dijon,21.0,3.0,4.0,,23.0,23.0,20.0,86.96,PT200M,,76.0,27.0,6.0,22.22,31.0,19.0,61.29,29.0,22.0,7.0,7.0,13.0
52ce1e74-6715-11f0-9fab-9ffadebc148f,away,f43b1b0f-55bc-11f0-84d9-01499d2f0a07,Paris,22.0,5.0,3.0,,22.0,25.0,20.0,80.0,PT200M,,92.0,36.0,12.0,33.33,33.0,18.0,54.55,46.0,26.0,20.0,7.0,17.0
5381282d-6715-11f0-a4c7-9ffadebc148f,home,c281453b-55b7-11f0-a6ef-350ae152a495,Cholet,18.0,2.0,5.0,,22.0,24.0,19.0,79.17,PT200M,,93.0,28.0,8.0,28.57,43.0,25.0,58.14,44.0,30.0,14.0,5.0,14.0
5381282d-6715-11f0-a4c7-9ffadebc148f,away,f43b1b0f-55bc-11f0-84d9-01499d2f0a07,Paris,22.0,5.0,2.0,,26.0,26.0,20.0,76.92,PT200M,,99.0,45.0,19.0,42.22,23.0,11.0,47.83,35.0,24.0,11.0,5.0,11.0
0d225fad-6715-11f0-810f-27e6e78614e1,home,7e9f3d8d-55bb-11f0-ae66-df8c8ac8c329,Le Mans,13.0,2.0,3.0,,27.0,33.0,26.0,78.79,PT200M,,84.0,23.0,4.0,17.39,43.0,23.0,53.49,42.0,26.0,16.0,8.0,15.0
0d225fad-6715-11f0-810f-27e6e78614e1,away,736b73ae-55bc-11f0-820e-2bf5ce89dac3,Monaco,20.0,3.0,2.0,,29.0,27.0,22.0,81.48,PT200M,,93.0,30.0,9.0,30.0,33.0,22.0,66.67,34.0,25.0,9.0,9.0,12.0
53d338f0-6715-11f0-9751-9ffadebc148f,home,703aa4cc-55b7-11f0-8fb8-35ef9dc7437a,Bourg-en-Bresse,18.0,4.0,5.0,,27.0,22.0,19.0,86.36,PT200M,,71.0,32.0,8.0,25.0,28.0,14.0,50.0,38.0,23.0,15.0,6.0,18.0
53d338f0-6715-11f0-9751-9ffadebc148f,away,689d1a0a-55bd-11f0-920c-f5c62c2828ba,Saint-Quentin,19.0,5.0,4.0,,21.0,27.0,19.0,70.37,PT200M,,89.0,21.0,8.0,38.1,44.0,23.0,52.27,35.0,21.0,14.0,8.0,11.0
0b1c7734-6715-11f0-a8c8-27e6e78614e1,home,c281453b-55b7-11f0-a6ef-350ae152a495,Cholet,18.0,3.0,3.0,,21.0,26.0,17.0,65.38,PT200M,,92.0,23.0,9.0,39.13,45.0,24.0,53.33,45.0,29.0,16.0,9.0,15.0
0b1c7734-6715-11f0-a8c8-27e6e78614e1,away,88bff512-55bd-11f0-aa84-8366061a4b55,Strasbourg,15.0,3.0,3.0,,20.0,30.0,23.0,76.67,PT200M,,74.0,23.0,3.0,13.04,38.0,21.0,55.26,35.0,22.0,13.0,6.0,16.0
2f460505-6715-11f0-81c0-3deba12f98c8,home,25bcb29d-55bc-11f0-8037-fb553c4eab1b,Lyon-Villeurbanne,16.0,4.0,2.0,,24.0,15.0,10.0,66.67,PT200M,,64.0,24.0,6.0,25.0,45.0,18.0,40.0,38.0,23.0,15.0,12.0,15.0
2f460505-6715-11f0-81c0-3deba12f98c8,away,e796c4fa-55bc-11f0-a2f1-8f0878f0f894,Nanterre,20.0,2.0,4.0,,18.0,27.0,20.0,74.07,PT200M,,77.0,23.0,5.0,21.74,38.0,21.0,55.26,45.0,31.0,14.0,5.0,16.0
2dfaec56-6715-11f0-90ad-3deba12f98c8,home,ca771ea2-55bb-11f0-a0bc-85c4b9894a07,Limoges,22.0,4.0,2.0,,20.0,13.0,10.0,76.92,PT200M,,83.0,26.0,11.0,42.31,36.0,20.0,55.56,27.0,19.0,8.0,7.0,16.0
2dfaec56-6715-11f0-90ad-3deba12f98c8,away,7e9f3d8d-55bb-11f0-ae66-df8c8ac8c329,Le Mans,24.0,2.0,4.0,,17.0,14.0,11.0,78.57,PT200M,,110.0,30.0,17.0,56.67,36.0,24.0,66.67,30.0,23.0,7.0,9.0,12.0
2e4593fc-6715-11f0-a59a-3deba12f98c8,home,689d1a0a-55bd-11f0-920c-f5c62c2828ba,Saint-Quentin,23.0,0.0,1.0,,20.0,7.0,7.0,100.0,PT200M,,97.0,40.0,12.0,30.0,41.0,27.0,65.85,41.0,29.0,12.0,11.0,8.0
2e4593fc-6715-11f0-a59a-3deba12f98c8,away,9ebf8651-55bb-11f0-b6ad-2f4a48ae850a,Le Portel,16.0,1.0,0.0,,15.0,21.0,16.0,76.19,PT200M,,81.0,30.0,11.0,36.67,29.0,16.0,55.17,33.0,28.0,5.0,3.0,15.0
2ed6e035-6715-11f0-9b34-3deba12f98c8,home,506c2d71-55bb-11f0-bf0b-8b5d06fe51cf,Gravelines-Dunkerque,23.0,1.0,1.0,,17.0,25.0,18.0,72.0,PT200M,,93.0,27.0,11.0,40.74,36.0,21.0,58.33,35.0,19.0,16.0,9.0,9.0
2ed6e035-6715-11f0-9b34-3deba12f98c8,away,238ad480-55b8-11f0-ada9-1b2b39c0d600,Dijon,18.0,1.0,1.0,,26.0,19.0,12.0,63.16,PT200M,,85.0,26.0,11.0,42.31,30.0,20.0,66.67,28.0,19.0,9.0,4.0,12.0
53bb2bcc-6715-11f0-be23-9ffadebc148f,home,9ebf8651-55bb-11f0-b6ad-2f4a48ae850a,Le Portel,18.0,3.0,0.0,,21.0,12.0,7.0,58.33,PT200M,,83.0,21.0,8.0,38.1,38.0,26.0,68.42,18.0,12.0,6.0,10.0,17.0
53bb2bcc-6715-11f0-be23-9ffadebc148f,away,ca771ea2-55bb-11f0-a0bc-85c4b9894a07,Limoges,23.0,0.0,3.0,,12.0,27.0,24.0,88.89,PT200M,,105.0,24.0,11.0,45.83,36.0,24.0,66.67,37.0,23.0,14.0,10.0,18.0
51dec4ef-6715-11f0-93b9-9ffadebc148f,home,da0b634d-55bc-11f0-99f8-2dd52d4792f3,Nancy,21.0,3.0,1.0,,17.0,32.0,27.0,84.38,PT200M,,102.0,24.0,9.0,37.5,40.0,24.0,60.0,35.0,25.0,10.0,11.0,11.0
51dec4ef-6715-11f0-93b9-9ffadebc148f,away,989c44aa-55b7-11f0-990a-abf64778d398,Chalon/Saône,24.0,1.0,3.0,,28.0,19.0,14.0,73.68,PT200M,,80.0,19.0,4.0,21.05,45.0,27.0,60.0,33.0,23.0,10.0,5.0,15.0
2e6808b0-6715-11f0-990c-3deba12f98c8,home,703aa4cc-55b7-11f0-8fb8-35ef9dc7437a,Bourg-en-Bresse,16.0,0.0,2.0,,21.0,35.0,25.0,71.43,PT200M,,77.0,22.0,4.0,18.18,31.0,20.0,64.52,29.0,20.0,9.0,3.0,11.0
2e6808b0-6715-11f0-990c-3deba12f98c8,away,88bff512-55bd-11f0-aa84-8366061a4b55,Strasbourg,15.0,2.0,0.0,,23.0,25.0,20.0,80.0,PT200M,,80.0,19.0,8.0,42.11,41.0,18.0,43.9,39.0,22.0,17.0,6.0,12.0
2f239cb0-6715-11f0-a437-3deba12f98c8,home,7e9f3d8d-55bb-11f0-ae66-df8c8ac8c329,Le Mans,24.0,3.0,2.0,,19.0,31.0,27.0,87.1,PT200M,,92.0,34.0,13.0,38.24,30.0,13.0,43.33,42.0,24.0,18.0,10.0,17.0
2f239cb0-6715-11f0-a437-3deba12f98c8,away,238ad480-55b8-11f0-ada9-1b2b39c0d600,Dijon,20.0,2.0,3.0,,30.0,23.0,19.0,82.61,PT200M,,86.0,31.0,13.0,41.94,24.0,14.0,58.33,25.0,21.0,4.0,8.0,17.0
52f672b3-6715-11f0-904e-9ffadebc148f,home,f43b1b0f-55bc-11f0-84d9-01499d2f0a07,Paris,20.0,3.0,2.0,,24.0,43.0,31.0,72.09,PT200M,,96.0,31.0,9.0,29.03,35.0,19.0,54.29,41.0,24.0,17.0,10.0,15.0
52f672b3-6715-11f0-904e-9ffadebc148f,away,e796c4fa-55bc-11f0-a2f1-8f0878f0f894,Nanterre,24.0,2.0,3.0,,28.0,32.0,24.0,75.0,PT200M,,92.0,30.0,14.0,46.67,27.0,13.0,48.15,32.0,25.0,7.0,5.0,16.0
0b38ca72-6715-11f0-bb3c-27e6e78614e1,home,238ad480-55b8-11f0-ada9-1b2b39c0d600,Dijon,21.0,0.0,5.0,,27.0,22.0,18.0,81.82,PT200M,,89.0,31.0,11.0,35.48,34.0,19.0,55.88,27.0,11.0,16.0,7.0,13.0
0b38ca72-6715-11f0-bb3c-27e6e78614e1,away,7e9f3d8d-55bb-11f0-ae66-df8c8ac8c329,Le Mans,16.0,5.0,0.0,,17.0,27.0,22.0,81.48,PT200M,,91.0,24.0,9.0,37.5,32.0,21.0,65.62,33.0,19.0,14.0,5.0,18.0
0c3324ee-6715-11f0-ab98-27e6e78614e1,home,9ebf8651-55bb-11f0-b6ad-2f4a48ae850a,Le Portel,18.0,1.0,1.0,,25.0,20.0,14.0,70.0,PT200M,,68.0,28.0,6.0,21.43,35.0,18.0,51.43,38.0,25.0,13.0,4.0,11.0
0c3324ee-6715-11f0-ab98-27e6e78614e1,away,c3b5d870-55b5-11f0-9d0f-171bcde6f181,Boulazac,14.0,1.0,2.0,,21.0,23.0,16.0,69.57,PT200M,,75.0,31.0,7.0,22.58,32.0,19.0,59.38,40.0,25.0,15.0,3.0,10.0
2e16f35c-6715-11f0-9089-3deba12f98c8,home,9ebf8651-55bb-11f0-b6ad-2f4a48ae850a,Le Portel,18.0,4.0,3.0,,28.0,28.0,20.0,71.43,PT200M,,84.0,25.0,6.0,24.0,37.0,23.0,62.16,37.0,30.0,7.0,3.0,13.0
2e16f35c-6715-11f0-9089-3deba12f98c8,away,c281453b-55b7-11f0-a6ef-350ae152a495,Cholet,18.0,2.0,4.0,,25.0,39.0,29.0,74.36,PT200M,,94.0,34.0,9.0,26.47,44.0,19.0,43.18,56.0,30.0,26.0,7.0,10.0
527f0c00-6715-11f0-b901-9ffadebc148f,home,88bff512-55bd-11f0-aa84-8366061a4b55,Strasbourg,18.0,4.0,3.0,,20.0,24.0,17.0,70.83,PT200M,,94.0,34.0,13.0,38.24,32.0,19.0,59.38,39.0,29.0,10.0,8.0,9.0
527f0c00-6715-11f0-b901-9ffadebc148f,away,c281453b-55b7-11f0-a6ef-350ae152a495,Cholet,20.0,3.0,4.0,,24.0,27.0,21.0,77.78,PT200M,,89.0,25.0,12.0,48.0,38.0,16.0,42.11,32.0,26.0,6.0,4.0,12.0
53b1ccff-6715-11f0-9a6e-9ffadebc148f,home,7e9f3d8d-55bb-11f0-ae66-df8c8ac8c329,Le Mans,24.0,1.0,2.0,,19.0,18.0,12.0,66.67,PT200M,,102.0,28.0,12.0,42.86,43.0,27.0,62.79,35.0,25.0,10.0,9.0,11.0
53b1ccff-6715-11f0-9a6e-9ffadebc148f,away,da0b634d-55bc-11f0-99f8-2dd52d4792f3,Nancy,20.0,2.0,1.0,,20.0,16.0,12.0,75.0,PT200M,,74.0,23.0,10.0,43.48,32.0,16.0,50.0,29.0,23.0,6.0,6.0,21.0
0ce79e46-6715-11f0-9095-27e6e78614e1,home,da0b634d-55bc-11f0-99f8-2dd52d4792f3,Nancy,20.0,7.0,2.0,,21.0,29.0,23.0,79.31,PT200M,,91.0,25.0,10.0,40.0,39.0,19.0,48.72,32.0,24.0,8.0,12.0,15.0
0ce79e46-6715-11f0-9095-27e6e78614e1,away,c281453b-55b7-11f0-a6ef-350ae152a495,Cholet,16.0,2.0,7.0,,27.0,23.0,19.0,82.61,PT200M,,87.0,27.0,10.0,37.04,36.0,19.0,52.78,39.0,28.0,11.0,8.0,20.0
2db359aa-6715-11f0-96fb-3deba12f98c8,home,703aa4cc-55b7-11f0-8fb8-35ef9dc7437a,Bourg-en-Bresse,14.0,5.0,1.0,,21.0,35.0,19.0,54.29,PT200M,,82.0,21.0,9.0,42.86,26.0,18.0,69.23,30.0,24.0,6.0,10.0,21.0
2db359aa-6715-11f0-96fb-3deba12f98c8,away,989c44aa-55b7-11f0-990a-abf64778d398,Chalon/Saône,23.0,1.0,5.0,,28.0,17.0,11.0,64.71,PT200M,,80.0,22.0,7.0,31.82,39.0,24.0,61.54,29.0,21.0,8.0,12.0,21.0
0c5c2d35-6715-11f0-bc54-27e6e78614e1,home,238ad480-55b8-11f0-ada9-1b2b39c0d600,Dijon,24.0,3.0,3.0,,24.0,30.0,27.0,90.0,PT200M,,95.0,27.0,12.0,44.44,31.0,16.0,51.61,25.0,17.0,8.0,10.0,20.0
0c5c2d35-6715-11f0-bc54-27e6e78614e1,away,88bff512-55bd-11f0-aa84-8366061a4b55,Strasbourg,17.0,3.0,3.0,,26.0,33.0,28.0,84.85,PT200M,,89.0,25.0,7.0,28.0,34.0,20.0,58.82,33.0,21.0,12.0,11.0,23.0
5257441d-6715-11f0-82dc-9ffadebc148f,home,c3b5d870-55b5-11f0-9d0f-171bcde6f181,Boulazac,8.0,1.0,3.0,,22.0,19.0,10.0,52.63,PT200M,,72.0,26.0,8.0,30.77,44.0,19.0,43.18,41.0,24.0,17.0,8.0,8.0
5257441d-6715-11f0-82dc-9ffadebc148f,away,25bcb29d-55bc-11f0-8037-fb553c4eab1b,Lyon-Villeurbanne,10.0,3.0,1.0,,21.0,25.0,24.0,96.0,PT200M,,67.0,29.0,3.0,10.34,29.0,17.0,58.62,40.0,28.0,12.0,4.0,14.0
5398ec31-6715-11f0-8e4f-9ffadebc148f,home,736b73ae-55bc-11f0-820e-2bf5ce89dac3,Monaco,18.0,4.0,2.0,,19.0,27.0,20.0,74.07,PT200M,,83.0,27.0,9.0,33.33,32.0,18.0,56.25,35.0,27.0,8.0,6.0,15.0
5398ec31-6715-11f0-8e4f-9ffadebc148f,away,25bcb29d-55bc-11f0-8037-fb553c4eab1b,Lyon-Villeurbanne,15.0,2.0,4.0,,26.0,16.0,12.0,75.0,PT200M,,87.0,36.0,13.0,36.11,33.0,18.0,54.55,40.0,28.0,12.0,4.0,12.0
534fd914-6715-11f0-9f2a-9ffadebc148f,home,e796c4fa-55bc-11f0-a2f1-8f0878f0f894,Nanterre,21.0,3.0,2.0,,21.0,14.0,11.0,78.57,PT200M,,86.0,20.0,9.0,45.0,43.0,24.0,55.81,34.0,21.0,13.0,7.0,14.0
534fd914-6715-11f0-9f2a-9ffadebc148f,away,da0b634d-55bc-11f0-99f8-2dd52d4792f3,Nancy,19.0,3.0,3.0,,20.0,16.0,10.0,62.5,PT200M,,72.0,18.0,6.0,33.33,41.0,22.0,53.66,32.0,19.0,13.0,6.0,16.0
52bdd27c-6715-11f0-8a38-9ffadebc148f,home,989c44aa-55b7-11f0-990a-abf64778d398,Chalon/Saône,23.0,2.0,0.0,,25.0,15.0,11.0,73.33,PT200M,,86.0,28.0,11.0,39.29,36.0,21.0,58.33,35.0,26.0,9.0,6.0,14.0
52bdd27c-6715-11f0-8a38-9ffadebc148f,away,506c2d71-55bb-11f0-bf0b-8b5d06fe51cf,Gravelines-Dunkerque,17.0,0.0,2.0,,19.0,22.0,15.0,68.18,PT200M,,81.0,29.0,12.0,41.38,35.0,15.0,42.86,37.0,24.0,13.0,8.0,13.0
2f8d3917-6715-11f0-883b-3deba12f98c8,home,c3b5d870-55b5-11f0-9d0f-171bcde6f181,Boulazac,26.0,4.0,2.0,,19.0,34.0,26.0,76.47,PT200M,,94.0,28.0,8.0,28.57,35.0,22.0,62.86,46.0,34.0,12.0,5.0,7.0
2f8d3917-6715-11f0-883b-3deba12f98c8,away,9ebf8651-55bb-11f0-b6ad-2f4a48ae850a,Le Portel,13.0,2.0,4.0,,27.0,20.0,14.0,70.0,PT200M,,64.0,30.0,6.0,20.0,32.0,16.0,50.0,30.0,21.0,9.0,2.0,9.0
52672b67-6715-11f0-92bb-9ffadebc148f,home,506c2d71-55bb-11f0-bf0b-8b5d06fe51cf,Gravelines-Dunkerque,21.0,1.0,3.0,,23.0,18.0,12.0,66.67,PT200M,,77.0,35.0,9.0,25.71,38.0,19.0,50.0,33.0,22.0,11.0,4.0,5.0
52672b67-6715-11f0-92bb-9ffadebc148f,away,736b73ae-55bc-11f0-820e-2bf5ce89dac3,Monaco,20.0,3.0,1.0,,20.0,28.0,24.0,85.71,PT200M,,89.0,21.0,3.0,14.29,44.0,28.0,63.64,46.0,35.0,11.0,3.0,8.0
0d6cf96b-6715-11f0-85d5-27e6e78614e1,home,736b73ae-55bc-11f0-820e-2bf5ce89dac3,Monaco,16.0,7.0,1.0,,25.0,18.0,16.0,88.89,PT200M,,89.0,28.0,9.0,32.14,39.0,23.0,58.97,25.0,18.0,7.0,5.0,9.0
0d6cf96b-6715-11f0-85d5-27e6e78614e1,away,703aa4cc-55b7-11f0-8fb8-35ef9dc7437a,Bourg-en-Bresse,13.0,1.0,7.0,,21.0,29.0,26.0,89.66,PT200M,,91.0,32.0,11.0,34.38,37.0,16.0,43.24,49.0,26.0,23.0,4.0,14.0
2ef355cc-6715-11f0-a3d6-3deba12f98c8,home,238ad480-55b8-11f0-ada9-1b2b39c0d600,Dijon,20.0,0.0,1.0,,24.0,31.0,26.0,83.87,PT200M,,99.0,28.0,13.0,46.43,32.0,17.0,53.12,30.0,23.0,7.0,7.0,12.0
2ef355cc-6715-11f0-a3d6-3deba12f98c8,away,25bcb29d-55bc-11f0-8037-fb553c4eab1b,Lyon-Villeurbanne,16.0,1.0,0.0,,26.0,33.0,25.0,75.76,PT200M,,90.0,26.0,9.0,34.62,30.0,19.0,63.33,32.0,24.0,8.0,7.0,16.0
52deba45-6715-11f0-bfa5-9ffadebc148f,home,736b73ae-55bc-11f0-820e-2bf5ce89dac3,Monaco,28.0,3.0,2.0,,19.0,32.0,27.0,84.38,PT200M,,108.0,31.0,11.0,35.48,32.0,24.0,75.0,39.0,29.0,10.0,11.0,17.0
52deba45-6715-11f0-bfa5-9ffadebc148f,away,238ad480-55b8-11f0-ada9-1b2b39c0d600,Dijon,25.0,2.0,3.0,,27.0,7.0,5.0,71.43,PT200M,,95.0,35.0,18.0,51.43,32.0,18.0,56.25,22.0,19.0,3.0,12.0,17.0
540b0c46-6715-11f0-b612-9ffadebc148f,home,ca771ea2-55bb-11f0-a0bc-85c4b9894a07,Limoges,21.0,4.0,3.0,,16.0,17.0,14.0,82.35,PT200M,,80.0,22.0,8.0,36.36,44.0,21.0,47.73,42.0,31.0,11.0,5.0,12.0
540b0c46-6715-11f0-b612-9ffadebc148f,away,c3b5d870-55b5-11f0-9d0f-171bcde6f181,Boulazac,23.0,3.0,4.0,,21.0,20.0,14.0,70.0,PT200M,,72.0,32.0,10.0,31.25,28.0,14.0,50.0,33.0,26.0,7.0,6.0,10.0
53e30b4c-6715-11f0-9901-9ffadebc148f,home,989c44aa-55b7-11f0-990a-abf64778d398,Chalon/Saône,25.0,0.0,2.0,,19.0,22.0,14.0,63.64,PT200M,,93.0,26.0,11.0,42.31,46.0,23.0,50.0,51.0,30.0,21.0,9.0,14.0
53e30b4c-6715-11f0-9901-9ffadebc148f,away,9ebf8651-55bb-11f0-b6ad-2f4a48ae850a,Le Portel,17.0,2.0,0.0,,24.0,15.0,5.0,33.33,PT200M,,58.0,18.0,3.0,16.67,42.0,22.0,52.38,30.0,21.0,9.0,11.0,19.0
541ad882-6715-11f0-bf14-9ffadebc148f,home,736b73ae-55bc-11f0-820e-2bf5ce89dac3,Monaco,11.0,3.0,4.0,,14.0,25.0,20.0,80.0,PT132M35S,,71.0,17.0,7.0,41.18,28.0,15.0,53.57,19.0,15.0,4.0,6.0,10.0
541ad882-6715-11f0-bf14-9ffadebc148f,away,f43b1b0f-55bc-11f0-84d9-01499d2f0a07,Paris,17.0,4.0,3.0,,21.0,19.0,17.0,89.47,PT132M35S,,80.0,26.0,11.0,42.31,22.0,15.0,68.18,27.0,21.0,6.0,2.0,12.0
540b0c46-6715-11f0-b612-9ffadebc148f,home,ca771ea2-55bb-11f0-a0bc-85c4b9894a07,Limoges,21.0,4.0,3.0,,16.0,17.0,14.0,82.35,PT200M,,80.0,22.0,8.0,36.36,44.0,21.0,47.73,42.0,31.0,11.0,5.0,12.0
540b0c46-6715-11f0-b612-9ffadebc148f,away,c3b5d870-55b5-11f0-9d0f-171bcde6f181,Boulazac,23.0,3.0,4.0,,21.0,20.0,14.0,70.0,PT200M,,72.0,32.0,10.0,31.25,28.0,14.0,50.0,33.0,26.0,7.0,6.0,10.0
53e30b4c-6715-11f0-9901-9ffadebc148f,home,989c44aa-55b7-11f0-990a-abf64778d398,Chalon/Saône,25.0,0.0,2.0,,19.0,22.0,14.0,63.64,PT200M,,93.0,26.0,11.0,42.31,46.0,23.0,50.0,51.0,30.0,21.0,9.0,14.0
53e30b4c-6715-11f0-9901-9ffadebc148f,away,9ebf8651-55bb-11f0-b6ad-2f4a48ae850a,Le Portel,17.0,2.0,0.0,,24.0,15.0,5.0,33.33,PT200M,,58.0,18.0,3.0,16.67,42.0,22.0,52.38,30.0,21.0,9.0,11.0,19.0
53fac138-6715-11f0-b6e4-9ffadebc148f,home,506c2d71-55bb-11f0-bf0b-8b5d06fe51cf,Gravelines-Dunkerque,20.0,0.0,0.0,,24.0,27.0,24.0,88.89,PT225M,,80.0,30.0,8.0,26.67,36.0,16.0,44.44,41.0,32.0,9.0,6.0,11.0
53fac138-6715-11f0-b6e4-9ffadebc148f,away,e796c4fa-55bc-11f0-a2f1-8f0878f0f894,Nanterre,15.0,0.0,0.0,,25.0,27.0,22.0,81.48,PT225M,,85.0,27.0,9.0,33.33,43.0,18.0,41.86,46.0,33.0,13.0,5.0,11.0
541306ea-6715-11f0-9f51-9ffadebc148f,home,238ad480-55b8-11f0-ada9-1b2b39c0d600,Dijon,31.0,1.0,1.0,,27.0,22.0,17.0,77.27,PT200M,,101.0,27.0,10.0,37.04,45.0,27.0,60.0,39.0,24.0,15.0,7.0,12.0
541306ea-6715-11f0-9f51-9ffadebc148f,away,703aa4cc-55b7-11f0-8fb8-35ef9dc7437a,Bourg-en-Bresse,15.0,1.0,1.0,,27.0,32.0,26.0,81.25,PT200M,,83.0,24.0,9.0,37.5,35.0,15.0,42.86,37.0,23.0,14.0,7.0,17.0
53eb0130-6715-11f0-b86f-9ffadebc148f,home,689d1a0a-55bd-11f0-920c-f5c62c2828ba,Saint-Quentin,20.0,3.0,1.0,,23.0,15.0,8.0,53.33,PT200M,,85.0,25.0,5.0,20.0,51.0,31.0,60.78,45.0,28.0,17.0,4.0,14.0
53eb0130-6715-11f0-b86f-9ffadebc148f,away,7e9f3d8d-55bb-11f0-ae66-df8c8ac8c329,Le Mans,20.0,1.0,3.0,,21.0,22.0,18.0,81.82,PT200M,,88.0,32.0,14.0,43.75,34.0,14.0,41.18,35.0,26.0,9.0,6.0,12.0
53f2cee6-6715-11f0-9d21-9ffadebc148f,home,25bcb29d-55bc-11f0-8037-fb553c4eab1b,Lyon-Villeurbanne,23.0,6.0,1.0,,16.0,16.0,14.0,87.5,PT200M,,89.0,30.0,11.0,36.67,29.0,21.0,72.41,25.0,20.0,5.0,11.0,15.0
53f2cee6-6715-11f0-9d21-9ffadebc148f,away,88bff512-55bd-11f0-aa84-8366061a4b55,Strasbourg,29.0,2.0,7.0,,13.0,9.0,6.0,66.67,PT200M,,81.0,25.0,11.0,44.0,43.0,21.0,48.84,39.0,23.0,16.0,7.0,21.0
5402bdf0-6715-11f0-a101-9ffadebc148f,home,c281453b-55b7-11f0-a6ef-350ae152a495,Cholet,21.0,2.0,6.0,,24.0,42.0,26.0,61.9,PT225M,,94.0,32.0,8.0,25.0,44.0,22.0,50.0,48.0,31.0,17.0,8.0,12.0
5402bdf0-6715-11f0-a101-9ffadebc148f,away,da0b634d-55bc-11f0-99f8-2dd52d4792f3,Nancy,21.0,6.0,2.0,,29.0,26.0,21.0,80.77,PT225M,,91.0,37.0,12.0,32.43,37.0,17.0,45.95,45.0,31.0,14.0,5.0,18.0
5423072b-6715-11f0-bd8b-9ffadebc148f,home,,UNKNOWN,,,,,,,,,,,,,,,,,,,,,,
5423072b-6715-11f0-bd8b-9ffadebc148f,away,,UNKNOWN,,,,,,,,,,,,,,,,,,,,,,
542b0576-6715-11f0-8a29-9ffadebc148f,home,,UNKNOWN,,,,,,,,,,,,,,,,,,,,,,
542b0576-6715-11f0-8a29-9ffadebc148f,away,,UNKNOWN,,,,,,,,,,,,,,,,,,,,,,
543306d1-6715-11f0-9313-9ffadebc148f,home,,UNKNOWN,,,,,,,,,,,,,,,,,,,,,,
543306d1-6715-11f0-9313-9ffadebc148f,away,,UNKNOWN,,,,,,,,,,,,,,,,,,,,,,
543ad21a-6715-11f0-89c4-9ffadebc148f,home,,UNKNOWN,,,,,,,,,,,,,,,,,,,,,,
543ad21a-6715-11f0-89c4-9ffadebc148f,away,,UNKNOWN,,,,,,,,,,,,,,,,,,,,,,
5442b09c-6715-11f0-a91b-9ffadebc148f,home,,UNKNOWN,,,,,,,,,,,,,,,,,,,,,,
5442b09c-6715-11f0-a91b-9ffadebc148f,away,,UNKNOWN,,,,,,,,,,,,,,,,,,,,,,
544a7f77-6715-11f0-a9f2-9ffadebc148f,home,,UNKNOWN,,,,,,,,,,,,,,,,,,,,,,
544a7f77-6715-11f0-a9f2-9ffadebc148f,away,,UNKNOWN,,,,,,,,,,,,,,,,,,,,,,
5452686c-6715-11f0-92eb-9ffadebc148f,home,,UNKNOWN,,,,,,,,,,,,,,,,,,,,,,
5452686c-6715-11f0-92eb-9ffadebc148f,away,,UNKNOWN,,,,,,,,,,,,,,,,,,,,,,
545a85c7-6715-11f0-9e74-9ffadebc148f,home,,UNKNOWN,,,,,,,,,,,,,,,,,,,,,,
545a85c7-6715-11f0-9e74-9ffadebc148f,away,,UNKNOWN,,,,,,,,,,,,,,,,,,,,,,
5423072b-6715-11f0-bd8b-9ffadebc148f,home,,UNKNOWN,,,,,,,,,,,,,,,,,,,,,,
5423072b-6715-11f0-bd8b-9ffadebc148f,away,,UNKNOWN,,,,,,,,,,,,,,,,,,,,,,
542b0576-6715-11f0-8a29-9ffadebc148f,home,,UNKNOWN,,,,,,,,,,,,,,,,,,,,,,
542b0576-6715-11f0-8a29-9ffadebc148f,away,,UNKNOWN,,,,,,,,,,,,,,,,,,,,,,
543306d1-6715-11f0-9313-9ffadebc148f,home,,UNKNOWN,,,,,,,,,,,,,,,,,,,,,,
543306d1-6715-11f0-9313-9ffadebc148f,away,,UNKNOWN,,,,,,,,,,,,,,,,,,,,,,
543ad21a-6715-11f0-89c4-9ffadebc148f,home,,UNKNOWN,,,,,,,,,,,,,,,,,,,,,,
543ad21a-6715-11f0-89c4-9ffadebc148f,away,,UNKNOWN,,,,,,,,,,,,,,,,,,,,,,
5442b09c-6715-11f0-a91b-9ffadebc148f,home,,UNKNOWN,,,,,,,,,,,,,,,,,,,,,,
5442b09c-6715-11f0-a91b-9ffadebc148f,away,,UNKNOWN,,,,,,,,,,,,,,,,,,,,,,
544a7f77-6715-11f0-a9f2-9ffadebc148f,home,,UNKNOWN,,,,,,,,,,,,,,,,,,,,,,
544a7f77-6715-11f0-a9f2-9ffadebc148f,away,,UNKNOWN,,,,,,,,,,,,,,,,,,,,,,
5452686c-6715-11f0-92eb-9ffadebc148f,home,,UNKNOWN,,,,,,,,,,,,,,,,,,,,,,
5452686c-6715-11f0-92eb-9ffadebc148f,away,,UNKNOWN,,,,,,,,,,,,,,,,,,,,,,
545a85c7-6715-11f0-9e74-9ffadebc148f,home,,UNKNOWN,,,,,,,,,,,,,,,,,,,,,,
545a85c7-6715-11f0-9e74-9ffadebc148f,away,,UNKNOWN,,,,,,,,,,,,,,,,,,,,,,
c9b421cf-67e4-11f0-9632-c122f3abef25,home,47f9fac8-564f-11f0-bf00-55fec7cade86,Caen,20.0,1.0,4.0,,26.0,21.0,14.0,66.67,PT200M,,68.0,23.0,8.0,34.78,37.0,15.0,40.54,37.0,25.0,12.0,7.0,15.0
c9b421cf-67e4-11f0-9632-c122f3abef25,away,74fcb27a-5656-11f0-afef-790204f271a9,Vichy,17.0,4.0,1.0,,22.0,28.0,17.0,60.71,PT200M,,75.0,24.0,6.0,25.0,38.0,20.0,52.63,41.0,26.0,15.0,11.0,16.0
c9aceafb-67e4-11f0-9e46-c122f3abef25,home,021be54f-564e-11f0-af87-53657eeba26b,Blois,24.0,3.0,2.0,,19.0,12.0,8.0,66.67,PT200M,,85.0,37.0,15.0,40.54,29.0,16.0,55.17,32.0,23.0,9.0,8.0,13.0
c9aceafb-67e4-11f0-9e46-c122f3abef25,away,6d6ed8f2-5656-11f0-968b-2571d849cba9,Saint-Chamond-Andrezieux,20.0,2.0,3.0,,18.0,20.0,15.0,75.0,PT200M,,81.0,18.0,4.0,22.22,47.0,27.0,57.45,38.0,26.0,12.0,10.0,15.0
c9bbc792-67e4-11f0-b84c-c122f3abef25,home,5dd1167c-5656-11f0-b30a-37174fbd761c,Roanne,13.0,3.0,5.0,,21.0,23.0,15.0,65.22,PT200M,,79.0,22.0,4.0,18.18,56.0,26.0,46.43,45.0,22.0,23.0,11.0,11.0
c9bbc792-67e4-11f0-b84c-c122f3abef25,away,bd884864-564d-11f0-9d32-075d9b5a3600,Aix-Maurienne,15.0,5.0,3.0,,22.0,20.0,12.0,60.0,PT200M,,73.0,21.0,7.0,33.33,35.0,20.0,57.14,36.0,28.0,8.0,4.0,19.0
c9c30f30-67e4-11f0-86d0-c122f3abef25,home,660581d1-5656-11f0-9c26-e53122149748,Rouen,23.0,1.0,0.0,,25.0,45.0,34.0,75.56,PT200M,,85.0,23.0,7.0,30.43,22.0,15.0,68.18,47.0,36.0,11.0,3.0,21.0
c9c30f30-67e4-11f0-86d0-c122f3abef25,away,4ca8c586-5651-11f0-ab60-cf49a1c556a9,La Rochelle,11.0,0.0,1.0,,28.0,24.0,14.0,58.33,PT200M,,77.0,30.0,9.0,30.0,40.0,18.0,45.0,29.0,20.0,9.0,10.0,8.0
c9ca2428-67e4-11f0-b7d5-c122f3abef25,home,c64e4f9d-5650-11f0-a83a-db92f4e0ad79,Evreux,13.0,1.0,2.0,,18.0,25.0,14.0,56.0,PT200M,,72.0,29.0,4.0,13.79,43.0,23.0,53.49,48.0,30.0,18.0,5.0,14.0
c9ca2428-67e4-11f0-b7d5-c122f3abef25,away,d67f9f42-5651-11f0-af2c-1b2819a7091f,Quimper,19.0,2.0,1.0,,22.0,15.0,14.0,93.33,PT200M,,89.0,38.0,15.0,39.47,29.0,15.0,51.72,40.0,33.0,7.0,6.0,13.0
bea34843-67e5-11f0-963a-4b31bc5c544b,home,d0bde5b3-5651-11f0-ac8b-53657eeba26b,Poitiers,22.0,4.0,0.0,,24.0,15.0,8.0,53.33,PT200M,,79.0,29.0,13.0,44.83,36.0,16.0,44.44,40.0,25.0,15.0,6.0,19.0
bea34843-67e5-11f0-963a-4b31bc5c544b,away,d8dc7c09-564d-11f0-bfc0-01843dded219,Antibes,15.0,0.0,4.0,,17.0,28.0,22.0,78.57,PT200M,,87.0,18.0,7.0,38.89,48.0,22.0,45.83,39.0,24.0,15.0,9.0,12.0
beaa7ee8-67e5-11f0-96ac-4b31bc5c544b,home,a82c5ed3-564f-11f0-9879-b161853c3f42,Châlons-Reims,14.0,3.0,4.0,,21.0,18.0,13.0,72.22,PT200M,,81.0,27.0,8.0,29.63,41.0,22.0,53.66,41.0,28.0,13.0,5.0,13.0
beaa7ee8-67e5-11f0-96ac-4b31bc5c544b,away,454c2924-5651-11f0-aa5c-3fb2943d9a83,Hyères-Toulon,14.0,4.0,4.0,,20.0,22.0,14.0,63.64,PT200M,,80.0,20.0,8.0,40.0,43.0,21.0,48.84,34.0,24.0,10.0,6.0,10.0
37851c96-67e1-11f0-a933-fdf7bd6518a2,home,ca954dfe-5651-11f0-9c8a-116cf0b4675f,Pau-Lacq-Orthez,16.0,2.0,1.0,,19.0,24.0,14.0,58.33,PT200M,,77.0,26.0,7.0,26.92,44.0,21.0,47.73,40.0,25.0,15.0,13.0,15.0
37851c96-67e1-11f0-a933-fdf7bd6518a2,away,12444214-564f-11f0-937d-df51377c0aa2,Challans,16.0,2.0,2.0,,26.0,14.0,10.0,71.43,PT200M,,67.0,28.0,7.0,25.0,27.0,18.0,66.67,38.0,32.0,6.0,6.0,27.0
bec5cd0d-67e5-11f0-8cd6-4b31bc5c544b,home,454c2924-5651-11f0-aa5c-3fb2943d9a83,Hyères-Toulon,20.0,1.0,5.0,,30.0,30.0,23.0,76.67,PT200M,,88.0,35.0,9.0,25.71,34.0,19.0,55.88,37.0,23.0,14.0,7.0,7.0
bec5cd0d-67e5-11f0-8cd6-4b31bc5c544b,away,d0bde5b3-5651-11f0-ac8b-53657eeba26b,Poitiers,10.0,5.0,1.0,,27.0,40.0,30.0,75.0,PT200M,,79.0,19.0,5.0,26.32,37.0,17.0,45.95,47.0,31.0,16.0,1.0,20.0
bedffde1-67e5-11f0-9ddb-4b31bc5c544b,home,4ca8c586-5651-11f0-ab60-cf49a1c556a9,La Rochelle,16.0,7.0,4.0,,17.0,9.0,7.0,77.78,PT200M,,69.0,27.0,8.0,29.63,36.0,19.0,52.78,37.0,28.0,9.0,9.0,11.0
bedffde1-67e5-11f0-9ddb-4b31bc5c544b,away,a82c5ed3-564f-11f0-9879-b161853c3f42,Châlons-Reims,17.0,4.0,6.0,,18.0,11.0,9.0,81.82,PT200M,,61.0,22.0,8.0,36.36,35.0,14.0,40.0,35.0,28.0,7.0,4.0,16.0
bee6c40a-67e5-11f0-a613-4b31bc5c544b,home,bd884864-564d-11f0-9d32-075d9b5a3600,Aix-Maurienne,15.0,2.0,1.0,,17.0,20.0,18.0,90.0,PT200M,,69.0,23.0,7.0,30.43,37.0,15.0,40.54,35.0,27.0,8.0,7.0,20.0
bee6c40a-67e5-11f0-a613-4b31bc5c544b,away,021be54f-564e-11f0-af87-53657eeba26b,Blois,23.0,1.0,2.0,,20.0,15.0,9.0,60.0,PT200M,,88.0,22.0,11.0,50.0,48.0,23.0,47.92,43.0,31.0,12.0,14.0,15.0
beed596b-67e5-11f0-ad17-4b31bc5c544b,home,47f9fac8-564f-11f0-bf00-55fec7cade86,Caen,22.0,1.0,2.0,,21.0,19.0,13.0,68.42,PT200M,,81.0,30.0,10.0,33.33,32.0,19.0,59.38,36.0,27.0,9.0,7.0,14.0
beed596b-67e5-11f0-ad17-4b31bc5c544b,away,660581d1-5656-11f0-9c26-e53122149748,Rouen,24.0,1.0,1.0,,19.0,20.0,15.0,75.0,PT200M,,77.0,37.0,14.0,37.84,21.0,10.0,47.62,34.0,26.0,8.0,7.0,13.0
beb13a87-67e5-11f0-b493-4b31bc5c544b,home,6d6ed8f2-5656-11f0-968b-2571d849cba9,Saint-Chamond-Andrezieux,22.0,3.0,2.0,,25.0,26.0,21.0,80.77,PT200M,,92.0,19.0,7.0,36.84,41.0,25.0,60.98,36.0,21.0,15.0,3.0,17.0
beb13a87-67e5-11f0-b493-4b31bc5c544b,away,540e7ec0-5651-11f0-9652-cf49a1c556a9,Nantes,27.0,2.0,3.0,,25.0,30.0,23.0,76.67,PT200M,,95.0,24.0,10.0,41.67,34.0,21.0,61.76,23.0,15.0,8.0,10.0,8.0
beb81a86-67e5-11f0-b163-4b31bc5c544b,home,12444214-564f-11f0-937d-df51377c0aa2,Challans,14.0,1.0,1.0,,23.0,28.0,21.0,75.0,PT205M29S,,74.0,23.0,7.0,30.43,35.0,16.0,45.71,34.0,24.0,10.0,9.0,11.0
beb81a86-67e5-11f0-b163-4b31bc5c544b,away,bab3e699-5650-11f0-8c0c-5d11459a90d4,Denain,22.0,1.0,1.0,,25.0,28.0,16.0,57.14,PT200M5S,,85.0,36.0,11.0,30.56,28.0,18.0,64.29,44.0,25.0,19.0,8.0,12.0
bebf31b7-67e5-11f0-9f46-4b31bc5c544b,home,74fcb27a-5656-11f0-afef-790204f271a9,Vichy,12.0,4.0,3.0,,17.0,18.0,13.0,72.22,PT200M,,80.0,26.0,7.0,26.92,43.0,23.0,53.49,46.0,28.0,18.0,13.0,22.0
bebf31b7-67e5-11f0-9f46-4b31bc5c544b,away,c64e4f9d-5650-11f0-a83a-db92f4e0ad79,Evreux,17.0,3.0,4.0,,19.0,12.0,8.0,66.67,PT200M,,72.0,18.0,6.0,33.33,44.0,23.0,52.27,27.0,19.0,8.0,13.0,21.0
becc4102-67e5-11f0-a8af-4b31bc5c544b,home,ca954dfe-5651-11f0-9c8a-116cf0b4675f,Pau-Lacq-Orthez,18.0,1.0,6.0,,20.0,23.0,16.0,69.57,PT200M,,82.0,20.0,10.0,50.0,42.0,18.0,42.86,43.0,29.0,14.0,7.0,17.0
becc4102-67e5-11f0-a8af-4b31bc5c544b,away,c4289b03-5651-11f0-b117-1b2819a7091f,Orléans,16.0,6.0,1.0,,28.0,16.0,10.0,62.5,PT200M,,61.0,22.0,7.0,31.82,39.0,15.0,38.46,35.0,22.0,13.0,11.0,19.0
bed2c546-67e5-11f0-aad3-4b31bc5c544b,home,d8dc7c09-564d-11f0-bfc0-01843dded219,Antibes,16.0,1.0,2.0,,16.0,20.0,13.0,65.0,PT200M,,83.0,31.0,8.0,25.81,33.0,23.0,69.7,32.0,22.0,10.0,6.0,8.0
bed2c546-67e5-11f0-aad3-4b31bc5c544b,away,d67f9f42-5651-11f0-af2c-1b2819a7091f,Quimper,17.0,2.0,1.0,,18.0,14.0,12.0,85.71,PT200M,,71.0,22.0,9.0,40.91,36.0,16.0,44.44,37.0,29.0,8.0,4.0,16.0
bef43670-67e5-11f0-9009-4b31bc5c544b,home,a82c5ed3-564f-11f0-9879-b161853c3f42,Châlons-Reims,19.0,6.0,3.0,,18.0,25.0,20.0,80.0,PT225M,,94.0,26.0,8.0,30.77,43.0,25.0,58.14,39.0,23.0,16.0,11.0,17.0
bef43670-67e5-11f0-9009-4b31bc5c544b,away,12444214-564f-11f0-937d-df51377c0aa2,Challans,15.0,3.0,6.0,,24.0,20.0,12.0,60.0,PT225M,,86.0,28.0,12.0,42.86,42.0,19.0,45.24,39.0,20.0,19.0,10.0,20.0
befac984-67e5-11f0-8515-4b31bc5c544b,home,d0bde5b3-5651-11f0-ac8b-53657eeba26b,Poitiers,12.0,5.0,2.0,,22.0,30.0,21.0,70.0,PT200M,,64.0,16.0,3.0,18.75,43.0,17.0,39.53,49.0,30.0,19.0,5.0,20.0
befac984-67e5-11f0-8515-4b31bc5c544b,away,bab3e699-5650-11f0-8c0c-5d11459a90d4,Denain,17.0,2.0,5.0,,24.0,16.0,14.0,87.5,PT200M,,76.0,37.0,12.0,32.43,33.0,13.0,39.39,38.0,23.0,15.0,11.0,10.0
bf15efc2-67e5-11f0-8c10-4b31bc5c544b,home,021be54f-564e-11f0-af87-53657eeba26b,Blois,13.0,4.0,2.0,,20.0,16.0,9.0,56.25,PT200M,,73.0,29.0,12.0,41.38,28.0,14.0,50.0,29.0,19.0,10.0,9.0,16.0
bf15efc2-67e5-11f0-8c10-4b31bc5c544b,away,74fcb27a-5656-11f0-afef-790204f271a9,Vichy,13.0,2.0,4.0,,19.0,14.0,10.0,71.43,PT200M,,65.0,20.0,5.0,25.0,38.0,20.0,52.63,39.0,24.0,15.0,6.0,22.0
bf1cea34-67e5-11f0-a68f-4b31bc5c544b,home,540e7ec0-5651-11f0-9652-cf49a1c556a9,Nantes,15.0,0.0,3.0,,18.0,25.0,20.0,80.0,PT200M,,76.0,23.0,6.0,26.09,34.0,19.0,55.88,31.0,22.0,9.0,7.0,17.0
bf1cea34-67e5-11f0-a68f-4b31bc5c544b,away,ca954dfe-5651-11f0-9c8a-116cf0b4675f,Pau-Lacq-Orthez,24.0,4.0,0.0,,29.0,14.0,10.0,71.43,PT200M,,90.0,30.0,12.0,40.0,35.0,22.0,62.86,35.0,24.0,11.0,9.0,16.0
bf319a6d-67e5-11f0-89d9-4b31bc5c544b,home,454c2924-5651-11f0-aa5c-3fb2943d9a83,Hyères-Toulon,22.0,3.0,1.0,,25.0,28.0,23.0,82.14,PT200M,,93.0,21.0,6.0,28.57,44.0,26.0,59.09,40.0,28.0,12.0,8.0,11.0
bf319a6d-67e5-11f0-89d9-4b31bc5c544b,away,c64e4f9d-5650-11f0-a83a-db92f4e0ad79,Evreux,15.0,1.0,3.0,,30.0,28.0,22.0,78.57,PT200M,,73.0,24.0,7.0,29.17,35.0,15.0,42.86,35.0,24.0,11.0,4.0,17.0
bf2af4ef-67e5-11f0-8e5c-4b31bc5c544b,home,6d6ed8f2-5656-11f0-968b-2571d849cba9,Saint-Chamond-Andrezieux,19.0,5.0,3.0,,20.0,18.0,13.0,72.22,PT200M,,96.0,29.0,11.0,37.93,36.0,25.0,69.44,31.0,21.0,10.0,7.0,9.0
bf2af4ef-67e5-11f0-8e5c-4b31bc5c544b,away,cfe8a6ed-5650-11f0-9f71-3bf393eceaf3,Gries-Souffel,24.0,3.0,5.0,,17.0,26.0,20.0,76.92,PT200M,,82.0,21.0,6.0,28.57,39.0,22.0,56.41,34.0,20.0,14.0,5.0,15.0
bf3f82b1-67e5-11f0-b666-4b31bc5c544b,home,bab3e699-5650-11f0-8c0c-5d11459a90d4,Denain,21.0,1.0,2.0,,26.0,22.0,15.0,68.18,PT200M,,86.0,27.0,5.0,18.52,42.0,28.0,66.67,39.0,22.0,17.0,8.0,10.0
bf3f82b1-67e5-11f0-b666-4b31bc5c544b,away,454c2924-5651-11f0-aa5c-3fb2943d9a83,Hyères-Toulon,9.0,2.0,1.0,,24.0,27.0,19.0,70.37,PT200M,,71.0,22.0,6.0,27.27,33.0,17.0,51.52,35.0,21.0,14.0,4.0,16.0
bf469406-67e5-11f0-a69a-4b31bc5c544b,home,c64e4f9d-5650-11f0-a83a-db92f4e0ad79,Evreux,23.0,3.0,2.0,,18.0,27.0,13.0,48.15,PT200M,,79.0,25.0,12.0,48.0,34.0,15.0,44.12,41.0,30.0,11.0,5.0,12.0
bf469406-67e5-11f0-a69a-4b31bc5c544b,away,47f9fac8-564f-11f0-bf00-55fec7cade86,Caen,17.0,2.0,3.0,,26.0,17.0,13.0,76.47,PT200M,,76.0,28.0,7.0,25.0,45.0,21.0,46.67,42.0,27.0,15.0,3.0,11.0
bf4d7feb-67e5-11f0-a0a3-4b31bc5c544b,home,660581d1-5656-11f0-9c26-e53122149748,Rouen,23.0,3.0,1.0,,14.0,21.0,12.0,57.14,PT200M,,88.0,25.0,12.0,48.0,32.0,20.0,62.5,30.0,24.0,6.0,4.0,10.0
bf4d7feb-67e5-11f0-a0a3-4b31bc5c544b,away,a82c5ed3-564f-11f0-9879-b161853c3f42,Châlons-Reims,17.0,1.0,3.0,,17.0,12.0,9.0,75.0,PT200M,,86.0,32.0,13.0,40.62,36.0,19.0,52.78,34.0,22.0,12.0,3.0,8.0
bf5c4c16-67e5-11f0-8eb6-4b31bc5c544b,home,4ca8c586-5651-11f0-ab60-cf49a1c556a9,La Rochelle,16.0,3.0,5.0,,16.0,34.0,25.0,73.53,PT200M,,89.0,20.0,12.0,60.0,32.0,14.0,43.75,38.0,27.0,11.0,8.0,17.0
bf5c4c16-67e5-11f0-8eb6-4b31bc5c544b,away,021be54f-564e-11f0-af87-53657eeba26b,Blois,17.0,5.0,3.0,,25.0,16.0,12.0,75.0,PT200M,,63.0,17.0,3.0,17.65,42.0,21.0,50.0,27.0,18.0,9.0,5.0,16.0
bf70d03d-67e5-11f0-a227-4b31bc5c544b,home,d0bde5b3-5651-11f0-ac8b-53657eeba26b,Poitiers,20.0,2.0,0.0,,24.0,20.0,14.0,70.0,PT200M,,93.0,25.0,11.0,44.0,34.0,23.0,67.65,36.0,28.0,8.0,9.0,15.0
bf70d03d-67e5-11f0-a227-4b31bc5c544b,away,d67f9f42-5651-11f0-af2c-1b2819a7091f,Quimper,10.0,0.0,1.0,,22.0,25.0,21.0,84.0,PT200M,,70.0,27.0,9.0,33.33,25.0,11.0,44.0,24.0,19.0,5.0,6.0,13.0
bf3848a9-67e5-11f0-a952-4b31bc5c544b,home,12444214-564f-11f0-937d-df51377c0aa2,Challans,23.0,2.0,1.0,,25.0,29.0,21.0,72.41,PT200M,,71.0,31.0,8.0,25.81,25.0,13.0,52.0,34.0,27.0,7.0,5.0,13.0
bf3848a9-67e5-11f0-a952-4b31bc5c544b,away,540e7ec0-5651-11f0-9652-cf49a1c556a9,Nantes,18.0,1.0,2.0,,22.0,30.0,12.0,40.0,PT200M,,78.0,25.0,8.0,32.0,33.0,21.0,63.64,36.0,29.0,7.0,4.0,10.0
bf5502b8-67e5-11f0-ae32-4b31bc5c544b,home,74fcb27a-5656-11f0-afef-790204f271a9,Vichy,23.0,1.0,2.0,,24.0,9.0,9.0,100.0,PT200M,,92.0,27.0,15.0,55.56,39.0,19.0,48.72,32.0,22.0,10.0,5.0,12.0
bf5502b8-67e5-11f0-ae32-4b31bc5c544b,away,d8dc7c09-564d-11f0-bfc0-01843dded219,Antibes,19.0,2.0,1.0,,15.0,29.0,25.0,86.21,PT200M,,91.0,31.0,8.0,25.81,36.0,21.0,58.33,35.0,20.0,15.0,6.0,6.0
bf69f66e-67e5-11f0-8058-4b31bc5c544b,home,c4289b03-5651-11f0-b117-1b2819a7091f,Orléans,23.0,5.0,1.0,,25.0,27.0,16.0,59.26,PT225M,,93.0,23.0,7.0,30.43,46.0,28.0,60.87,29.0,23.0,6.0,11.0,16.0
bf69f66e-67e5-11f0-8058-4b31bc5c544b,away,5dd1167c-5656-11f0-b30a-37174fbd761c,Roanne,17.0,1.0,5.0,,28.0,26.0,21.0,80.77,PT225M,,91.0,17.0,6.0,35.29,45.0,26.0,57.78,42.0,34.0,8.0,4.0,24.0
bf779759-67e5-11f0-b48f-4b31bc5c544b,home,ca954dfe-5651-11f0-9c8a-116cf0b4675f,Pau-Lacq-Orthez,17.0,5.0,1.0,,23.0,19.0,11.0,57.89,PT200M,,75.0,22.0,10.0,45.45,38.0,17.0,44.74,36.0,28.0,8.0,8.0,13.0
bf779759-67e5-11f0-b48f-4b31bc5c544b,away,cfe8a6ed-5650-11f0-9f71-3bf393eceaf3,Gries-Souffel,15.0,1.0,5.0,,21.0,16.0,11.0,68.75,PT200M,,69.0,24.0,6.0,25.0,35.0,20.0,57.14,35.0,27.0,8.0,7.0,16.0
bf7e8929-67e5-11f0-9ad8-4b31bc5c544b,home,4ca8c586-5651-11f0-ab60-cf49a1c556a9,La Rochelle,18.0,3.0,0.0,,18.0,25.0,20.0,80.0,PT200M,,81.0,27.0,9.0,33.33,31.0,17.0,54.84,36.0,27.0,9.0,12.0,20.0
bf7e8929-67e5-11f0-9ad8-4b31bc5c544b,away,12444214-564f-11f0-937d-df51377c0aa2,Challans,20.0,0.0,3.0,,25.0,19.0,10.0,52.63,PT200M,,62.0,30.0,6.0,20.0,39.0,17.0,43.59,41.0,24.0,17.0,5.0,23.0
bf855e3e-67e5-11f0-9746-4b31bc5c544b,home,454c2924-5651-11f0-aa5c-3fb2943d9a83,Hyères-Toulon,11.0,5.0,3.0,,24.0,29.0,17.0,58.62,PT200M,,64.0,20.0,5.0,25.0,31.0,16.0,51.61,33.0,23.0,10.0,8.0,22.0
bf855e3e-67e5-11f0-9746-4b31bc5c544b,away,021be54f-564e-11f0-af87-53657eeba26b,Blois,20.0,3.0,4.0,,26.0,25.0,15.0,60.0,PT200M,,86.0,20.0,9.0,45.0,46.0,22.0,47.83,40.0,24.0,16.0,11.0,15.0
bf9ab84b-67e5-11f0-99de-4b31bc5c544b,home,47f9fac8-564f-11f0-bf00-55fec7cade86,Caen,19.0,2.0,2.0,,25.0,19.0,15.0,78.95,PT200M,,85.0,29.0,14.0,48.28,30.0,14.0,46.67,33.0,23.0,10.0,3.0,16.0
bf9ab84b-67e5-11f0-99de-4b31bc5c544b,away,5dd1167c-5656-11f0-b30a-37174fbd761c,Roanne,23.0,2.0,2.0,,22.0,25.0,21.0,84.0,PT200M,,96.0,28.0,9.0,32.14,34.0,24.0,70.59,29.0,22.0,7.0,7.0,8.0
bfa88193-67e5-11f0-97d3-4b31bc5c544b,home,540e7ec0-5651-11f0-9652-cf49a1c556a9,Nantes,14.0,3.0,0.0,,18.0,27.0,14.0,51.85,PT200M,,63.0,20.0,7.0,35.0,28.0,14.0,50.0,30.0,25.0,5.0,8.0,20.0
bfa88193-67e5-11f0-97d3-4b31bc5c544b,away,74fcb27a-5656-11f0-afef-790204f271a9,Vichy,18.0,0.0,3.0,,23.0,17.0,12.0,70.59,PT200M,,76.0,24.0,6.0,25.0,48.0,23.0,47.92,47.0,28.0,19.0,9.0,16.0
bfbdc328-67e5-11f0-963f-4b31bc5c544b,home,a82c5ed3-564f-11f0-9879-b161853c3f42,Châlons-Reims,23.0,3.0,2.0,,21.0,24.0,18.0,75.0,PT200M,,92.0,25.0,10.0,40.0,33.0,22.0,66.67,28.0,19.0,9.0,4.0,15.0
bfbdc328-67e5-11f0-963f-4b31bc5c544b,away,ca954dfe-5651-11f0-9c8a-116cf0b4675f,Pau-Lacq-Orthez,16.0,2.0,3.0,,22.0,15.0,11.0,73.33,PT200M,,88.0,21.0,9.0,42.86,39.0,25.0,64.1,24.0,15.0,9.0,5.0,16.0
bf8d20e9-67e5-11f0-bf7b-4b31bc5c544b,home,cfe8a6ed-5650-11f0-9f71-3bf393eceaf3,Gries-Souffel,16.0,5.0,3.0,,22.0,15.0,9.0,60.0,PT200M,,73.0,29.0,8.0,27.59,48.0,20.0,41.67,45.0,29.0,16.0,9.0,10.0
bf8d20e9-67e5-11f0-bf7b-4b31bc5c544b,away,bd884864-564d-11f0-9d32-075d9b5a3600,Aix-Maurienne,15.0,3.0,5.0,,19.0,23.0,17.0,73.91,PT200M,,80.0,28.0,11.0,39.29,38.0,15.0,39.47,47.0,36.0,11.0,5.0,13.0
bf93f516-67e5-11f0-91c2-4b31bc5c544b,home,d8dc7c09-564d-11f0-bfc0-01843dded219,Antibes,14.0,1.0,2.0,,21.0,31.0,22.0,70.97,PT200M,,76.0,25.0,6.0,24.0,32.0,18.0,56.25,28.0,16.0,12.0,7.0,11.0
bf93f516-67e5-11f0-91c2-4b31bc5c544b,away,c4289b03-5651-11f0-b117-1b2819a7091f,Orléans,17.0,2.0,1.0,,32.0,17.0,16.0,94.12,PT200M,,88.0,20.0,8.0,40.0,40.0,24.0,60.0,34.0,23.0,11.0,6.0,16.0
bfaf5752-67e5-11f0-9f16-4b31bc5c544b,home,6d6ed8f2-5656-11f0-968b-2571d849cba9,Saint-Chamond-Andrezieux,21.0,1.0,6.0,,19.0,20.0,14.0,70.0,PT200M,,92.0,24.0,10.0,41.67,46.0,24.0,52.17,32.0,20.0,12.0,10.0,12.0
bfaf5752-67e5-11f0-9f16-4b31bc5c544b,away,d0bde5b3-5651-11f0-ac8b-53657eeba26b,Poitiers,26.0,6.0,1.0,,22.0,21.0,13.0,61.9,PT200M,,105.0,28.0,16.0,57.14,37.0,22.0,59.46,33.0,24.0,9.0,6.0,15.0
bfa16fef-67e5-11f0-b912-4b31bc5c544b,home,d67f9f42-5651-11f0-af2c-1b2819a7091f,Quimper,17.0,3.0,1.0,,19.0,19.0,13.0,68.42,PT200M,,81.0,25.0,8.0,32.0,36.0,22.0,61.11,40.0,31.0,9.0,3.0,13.0
bfa16fef-67e5-11f0-b912-4b31bc5c544b,away,660581d1-5656-11f0-9c26-e53122149748,Rouen,23.0,1.0,3.0,,19.0,18.0,10.0,55.56,PT200M,,71.0,35.0,9.0,25.71,37.0,17.0,45.95,41.0,24.0,17.0,6.0,8.0
bfc51bc5-67e5-11f0-885b-4b31bc5c544b,home,d0bde5b3-5651-11f0-ac8b-53657eeba26b,Poitiers,16.0,7.0,4.0,,25.0,33.0,21.0,63.64,PT225M,,77.0,32.0,4.0,12.5,42.0,22.0,52.38,52.0,36.0,16.0,8.0,15.0
bfc51bc5-67e5-11f0-885b-4b31bc5c544b,away,74fcb27a-5656-11f0-afef-790204f271a9,Vichy,12.0,4.0,7.0,,26.0,36.0,26.0,72.22,PT225M,,84.0,31.0,8.0,25.81,44.0,17.0,38.64,53.0,35.0,18.0,9.0,14.0
bfd4433d-67e5-11f0-ba24-4b31bc5c544b,home,c64e4f9d-5650-11f0-a83a-db92f4e0ad79,Evreux,25.0,2.0,0.0,,27.0,29.0,16.0,55.17,PT200M,,83.0,21.0,5.0,23.81,45.0,26.0,57.78,45.0,29.0,16.0,4.0,17.0
bfd4433d-67e5-11f0-ba24-4b31bc5c544b,away,d8dc7c09-564d-11f0-bfc0-01843dded219,Antibes,12.0,0.0,2.0,,27.0,33.0,25.0,75.76,PT200M,,89.0,26.0,8.0,30.77,42.0,20.0,47.62,40.0,25.0,15.0,6.0,12.0
bfe9b916-67e5-11f0-a375-4b31bc5c544b,home,540e7ec0-5651-11f0-9652-cf49a1c556a9,Nantes,17.0,6.0,1.0,,22.0,23.0,15.0,65.22,PT200M,,73.0,25.0,8.0,32.0,37.0,17.0,45.95,42.0,28.0,14.0,6.0,15.0
bfe9b916-67e5-11f0-a375-4b31bc5c544b,away,4ca8c586-5651-11f0-ab60-cf49a1c556a9,La Rochelle,21.0,1.0,6.0,,18.0,26.0,20.0,76.92,PT200M,,81.0,24.0,9.0,37.5,35.0,17.0,48.57,32.0,24.0,8.0,7.0,10.0
bffe46fc-67e5-11f0-8e9e-4b31bc5c544b,home,5dd1167c-5656-11f0-b30a-37174fbd761c,Roanne,25.0,5.0,5.0,,24.0,19.0,16.0,84.21,PT200M,,98.0,29.0,12.0,41.38,43.0,23.0,53.49,46.0,32.0,14.0,8.0,13.0
bffe46fc-67e5-11f0-8e9e-4b31bc5c544b,away,d67f9f42-5651-11f0-af2c-1b2819a7091f,Quimper,10.0,5.0,5.0,,23.0,24.0,14.0,58.33,PT200M,,63.0,27.0,9.0,33.33,34.0,11.0,32.35,40.0,24.0,16.0,8.0,21.0
c00519de-67e5-11f0-ac36-4b31bc5c544b,home,660581d1-5656-11f0-9c26-e53122149748,Rouen,17.0,2.0,1.0,,21.0,21.0,14.0,66.67,PT200M,,82.0,24.0,8.0,33.33,47.0,22.0,46.81,39.0,18.0,21.0,4.0,12.0
c00519de-67e5-11f0-ac36-4b31bc5c544b,away,cfe8a6ed-5650-11f0-9f71-3bf393eceaf3,Gries-Souffel,21.0,1.0,2.0,,21.0,25.0,20.0,80.0,PT200M,,100.0,16.0,10.0,62.5,47.0,25.0,53.19,35.0,21.0,14.0,7.0,9.0
bff0ad7d-67e5-11f0-ab93-4b31bc5c544b,home,12444214-564f-11f0-937d-df51377c0aa2,Challans,18.0,7.0,1.0,,19.0,18.0,14.0,77.78,PT200M,,78.0,24.0,4.0,16.67,40.0,26.0,65.0,32.0,21.0,11.0,6.0,12.0
bff0ad7d-67e5-11f0-ab93-4b31bc5c544b,away,6d6ed8f2-5656-11f0-968b-2571d849cba9,Saint-Chamond-Andrezieux,20.0,1.0,7.0,,17.0,24.0,16.0,66.67,PT200M,,77.0,13.0,5.0,38.46,47.0,23.0,48.94,35.0,21.0,14.0,7.0,16.0
bff7908c-67e5-11f0-a0d4-4b31bc5c544b,home,ca954dfe-5651-11f0-9c8a-116cf0b4675f,Pau-Lacq-Orthez,22.0,2.0,2.0,,22.0,22.0,17.0,77.27,PT200M,,87.0,20.0,6.0,30.0,50.0,26.0,52.0,43.0,23.0,20.0,9.0,13.0
bff7908c-67e5-11f0-a0d4-4b31bc5c544b,away,454c2924-5651-11f0-aa5c-3fb2943d9a83,Hyères-Toulon,18.0,2.0,1.0,,22.0,16.0,11.0,68.75,PT200M,,78.0,30.0,13.0,43.33,27.0,14.0,51.85,30.0,21.0,9.0,3.0,19.0
bfdb82cd-67e5-11f0-be9e-4b31bc5c544b,home,021be54f-564e-11f0-af87-53657eeba26b,Blois,18.0,5.0,1.0,,20.0,22.0,16.0,72.73,PT200M,,75.0,28.0,7.0,25.0,42.0,19.0,45.24,42.0,24.0,18.0,10.0,16.0
bfdb82cd-67e5-11f0-be9e-4b31bc5c544b,away,47f9fac8-564f-11f0-bf00-55fec7cade86,Caen,16.0,1.0,5.0,,21.0,18.0,15.0,83.33,PT200M,,72.0,22.0,5.0,22.73,44.0,21.0,47.73,41.0,26.0,15.0,8.0,19.0
bfe2914d-67e5-11f0-8fe3-4b31bc5c544b,home,c4289b03-5651-11f0-b117-1b2819a7091f,Orléans,21.0,1.0,1.0,,22.0,20.0,16.0,80.0,PT200M,,83.0,23.0,9.0,39.13,34.0,20.0,58.82,32.0,21.0,11.0,9.0,12.0
bfe2914d-67e5-11f0-8fe3-4b31bc5c544b,away,a82c5ed3-564f-11f0-9879-b161853c3f42,Châlons-Reims,12.0,1.0,1.0,,20.0,17.0,11.0,64.71,PT200M,,55.0,18.0,4.0,22.22,33.0,16.0,48.48,28.0,19.0,9.0,4.0,19.0
c02337c4-67e5-11f0-b4b8-4b31bc5c544b,home,47f9fac8-564f-11f0-bf00-55fec7cade86,Caen,17.0,1.0,2.0,,23.0,21.0,16.0,76.19,PT200M,,81.0,31.0,9.0,29.03,36.0,19.0,52.78,35.0,23.0,12.0,7.0,9.0
c02337c4-67e5-11f0-b4b8-4b31bc5c544b,away,bab3e699-5650-11f0-8c0c-5d11459a90d4,Denain,24.0,2.0,1.0,,20.0,29.0,19.0,65.52,PT200M,,83.0,28.0,12.0,42.86,30.0,14.0,46.67,39.0,28.0,11.0,3.0,12.0
c00bff07-67e5-11f0-bfd3-4b31bc5c544b,home,454c2924-5651-11f0-aa5c-3fb2943d9a83,Hyères-Toulon,22.0,1.0,3.0,,29.0,27.0,21.0,77.78,PT250M,,96.0,27.0,9.0,33.33,43.0,24.0,55.81,41.0,33.0,8.0,8.0,21.0
c00bff07-67e5-11f0-bfd3-4b31bc5c544b,away,cfe8a6ed-5650-11f0-9f71-3bf393eceaf3,Gries-Souffel,19.0,3.0,1.0,,26.0,28.0,20.0,71.43,PT250M,,100.0,22.0,6.0,27.27,59.0,31.0,52.54,46.0,31.0,15.0,14.0,17.0
c01c1bf1-67e5-11f0-8de9-4b31bc5c544b,home,c64e4f9d-5650-11f0-a83a-db92f4e0ad79,Evreux,15.0,2.0,5.0,,22.0,25.0,18.0,72.0,PT200M,,65.0,14.0,3.0,21.43,44.0,19.0,43.18,32.0,21.0,11.0,9.0,26.0
c01c1bf1-67e5-11f0-8de9-4b31bc5c544b,away,ca954dfe-5651-11f0-9c8a-116cf0b4675f,Pau-Lacq-Orthez,24.0,5.0,2.0,,23.0,17.0,11.0,64.71,PT200M,,98.0,28.0,13.0,46.43,44.0,24.0,54.55,45.0,27.0,18.0,12.0,20.0
c02a2a29-67e5-11f0-b7d1-4b31bc5c544b,home,021be54f-564e-11f0-af87-53657eeba26b,Blois,16.0,4.0,4.0,,27.0,26.0,19.0,73.08,PT200M,,76.0,30.0,7.0,23.33,32.0,18.0,56.25,37.0,24.0,13.0,11.0,20.0
c02a2a29-67e5-11f0-b7d1-4b31bc5c544b,away,660581d1-5656-11f0-9c26-e53122149748,Rouen,16.0,3.0,4.0,,24.0,35.0,23.0,65.71,PT200M,,78.0,20.0,5.0,25.0,40.0,20.0,50.0,40.0,25.0,15.0,13.0,18.0
c030f015-67e5-11f0-99e4-4b31bc5c544b,home,5dd1167c-5656-11f0-b30a-37174fbd761c,Roanne,31.0,2.0,1.0,,18.0,24.0,15.0,62.5,PT200M,,97.0,23.0,8.0,34.78,43.0,29.0,67.44,41.0,26.0,15.0,8.0,12.0
c030f015-67e5-11f0-99e4-4b31bc5c544b,away,12444214-564f-11f0-937d-df51377c0aa2,Challans,17.0,1.0,2.0,,23.0,15.0,9.0,60.0,PT200M,,79.0,25.0,10.0,40.0,39.0,20.0,51.28,28.0,19.0,9.0,6.0,11.0
c037ac54-67e5-11f0-9eb0-4b31bc5c544b,home,d67f9f42-5651-11f0-af2c-1b2819a7091f,Quimper,14.0,1.0,4.0,,14.0,37.0,26.0,70.27,PT200M,,73.0,14.0,3.0,21.43,30.0,19.0,63.33,24.0,22.0,2.0,10.0,19.0
c037ac54-67e5-11f0-9eb0-4b31bc5c544b,away,c4289b03-5651-11f0-b117-1b2819a7091f,Orléans,23.0,4.0,1.0,,26.0,12.0,11.0,91.67,PT200M,,83.0,33.0,10.0,30.3,33.0,21.0,63.64,38.0,25.0,13.0,9.0,19.0
c0153873-67e5-11f0-9fa9-4b31bc5c544b,home,74fcb27a-5656-11f0-afef-790204f271a9,Vichy,26.0,6.0,3.0,,20.0,22.0,18.0,81.82,PT200M,,97.0,33.0,13.0,39.39,41.0,20.0,48.78,45.0,28.0,17.0,8.0,14.0
c0153873-67e5-11f0-9fa9-4b31bc5c544b,away,bd884864-564d-11f0-9d32-075d9b5a3600,Aix-Maurienne,22.0,3.0,5.0,,19.0,17.0,11.0,64.71,PT200M,,75.0,27.0,8.0,29.63,40.0,20.0,50.0,37.0,23.0,14.0,5.0,16.0
c03e6cd8-67e5-11f0-bb85-4b31bc5c544b,home,d8dc7c09-564d-11f0-bfc0-01843dded219,Antibes,16.0,3.0,4.0,,26.0,35.0,25.0,71.43,PT200M,,79.0,25.0,8.0,32.0,34.0,15.0,44.12,30.0,20.0,10.0,6.0,16.0
c03e6cd8-67e5-11f0-bb85-4b31bc5c544b,away,540e7ec0-5651-11f0-9652-cf49a1c556a9,Nantes,17.0,4.0,3.0,,31.0,30.0,18.0,60.0,PT200M,,91.0,23.0,7.0,30.43,40.0,26.0,65.0,43.0,31.0,12.0,8.0,20.0
c0453de1-67e5-11f0-95f9-4b31bc5c544b,home,6d6ed8f2-5656-11f0-968b-2571d849cba9,Saint-Chamond-Andrezieux,28.0,2.0,5.0,,26.0,18.0,11.0,61.11,PT200M,,108.0,27.0,13.0,48.15,50.0,29.0,58.0,43.0,31.0,12.0,6.0,8.0
c0453de1-67e5-11f0-95f9-4b31bc5c544b,away,4ca8c586-5651-11f0-ab60-cf49a1c556a9,La Rochelle,18.0,5.0,2.0,,20.0,36.0,20.0,55.56,PT200M,,73.0,32.0,7.0,21.88,25.0,16.0,64.0,35.0,25.0,10.0,4.0,13.0
c04cd15f-67e5-11f0-8b4a-4b31bc5c544b,home,a82c5ed3-564f-11f0-9879-b161853c3f42,Châlons-Reims,17.0,4.0,1.0,,24.0,30.0,20.0,66.67,PT200M,,79.0,25.0,9.0,36.0,32.0,16.0,50.0,33.0,23.0,10.0,8.0,13.0
c04cd15f-67e5-11f0-8b4a-4b31bc5c544b,away,d0bde5b3-5651-11f0-ac8b-53657eeba26b,Poitiers,15.0,1.0,4.0,,26.0,20.0,13.0,65.0,PT200M,,86.0,31.0,13.0,41.94,39.0,17.0,43.59,44.0,25.0,19.0,10.0,13.0
c0548085-67e5-11f0-9dba-4b31bc5c544b,home,540e7ec0-5651-11f0-9652-cf49a1c556a9,Nantes,19.0,2.0,1.0,,20.0,22.0,17.0,77.27,PT200M,,88.0,18.0,7.0,38.89,44.0,25.0,56.82,30.0,24.0,6.0,12.0,13.0
c0548085-67e5-11f0-9dba-4b31bc5c544b,away,454c2924-5651-11f0-aa5c-3fb2943d9a83,Hyères-Toulon,18.0,2.0,2.0,,22.0,16.0,11.0,68.75,PT200M,,82.0,32.0,9.0,28.12,38.0,22.0,57.89,42.0,26.0,16.0,6.0,19.0
c0784a65-67e5-11f0-bdf9-4b31bc5c544b,home,bab3e699-5650-11f0-8c0c-5d11459a90d4,Denain,21.0,3.0,4.0,,23.0,24.0,15.0,62.5,PT200M,,91.0,32.0,10.0,31.25,32.0,23.0,71.88,38.0,26.0,12.0,7.0,12.0
c0784a65-67e5-11f0-bdf9-4b31bc5c544b,away,6d6ed8f2-5656-11f0-968b-2571d849cba9,Saint-Chamond-Andrezieux,15.0,4.0,3.0,,24.0,20.0,13.0,65.0,PT200M,,87.0,25.0,10.0,40.0,44.0,22.0,50.0,35.0,22.0,13.0,3.0,11.0
c08d56cb-67e5-11f0-a104-4b31bc5c544b,home,bd884864-564d-11f0-9d32-075d9b5a3600,Aix-Maurienne,21.0,5.0,5.0,,23.0,18.0,13.0,72.22,PT200M,,79.0,26.0,8.0,30.77,40.0,21.0,52.5,39.0,26.0,13.0,4.0,15.0
c08d56cb-67e5-11f0-a104-4b31bc5c544b,away,d8dc7c09-564d-11f0-bfc0-01843dded219,Antibes,16.0,5.0,5.0,,20.0,22.0,16.0,72.73,PT200M,,89.0,21.0,7.0,33.33,54.0,26.0,48.15,43.0,27.0,16.0,7.0,8.0
c0943551-67e5-11f0-a94c-4b31bc5c544b,home,660581d1-5656-11f0-9c26-e53122149748,Rouen,22.0,3.0,1.0,,18.0,29.0,18.0,62.07,PT200M,,84.0,23.0,8.0,34.78,42.0,21.0,50.0,50.0,30.0,20.0,10.0,20.0
c0943551-67e5-11f0-a94c-4b31bc5c544b,away,c64e4f9d-5650-11f0-a83a-db92f4e0ad79,Evreux,16.0,1.0,3.0,,27.0,16.0,7.0,43.75,PT200M,,78.0,23.0,7.0,30.43,42.0,25.0,59.52,29.0,22.0,7.0,9.0,17.0
c062c729-67e5-11f0-8af3-4b31bc5c544b,home,74fcb27a-5656-11f0-afef-790204f271a9,Vichy,15.0,3.0,1.0,,12.0,20.0,16.0,80.0,PT200M,,80.0,28.0,10.0,35.71,37.0,17.0,45.95,32.0,23.0,9.0,6.0,8.0
c062c729-67e5-11f0-8af3-4b31bc5c544b,away,a82c5ed3-564f-11f0-9879-b161853c3f42,Châlons-Reims,19.0,1.0,3.0,,19.0,6.0,6.0,100.0,PT200M,,82.0,29.0,12.0,41.38,37.0,20.0,54.05,38.0,28.0,10.0,3.0,13.0
c069e30a-67e5-11f0-94a9-4b31bc5c544b,home,cfe8a6ed-5650-11f0-9f71-3bf393eceaf3,Gries-Souffel,17.0,5.0,2.0,,17.0,21.0,15.0,71.43,PT200M,,80.0,30.0,9.0,30.0,30.0,19.0,63.33,44.0,33.0,11.0,4.0,15.0
c069e30a-67e5-11f0-94a9-4b31bc5c544b,away,47f9fac8-564f-11f0-bf00-55fec7cade86,Caen,17.0,1.0,5.0,,20.0,10.0,8.0,80.0,PT200M,,74.0,36.0,12.0,33.33,38.0,15.0,39.47,38.0,23.0,15.0,6.0,9.0
c070e7df-67e5-11f0-930b-4b31bc5c544b,home,12444214-564f-11f0-937d-df51377c0aa2,Challans,18.0,1.0,3.0,,22.0,26.0,16.0,61.54,PT200M,,65.0,14.0,3.0,21.43,33.0,20.0,60.61,27.0,21.0,6.0,9.0,18.0
c070e7df-67e5-11f0-930b-4b31bc5c544b,away,021be54f-564e-11f0-af87-53657eeba26b,Blois,18.0,3.0,1.0,,23.0,10.0,5.0,50.0,PT200M,,79.0,42.0,14.0,33.33,30.0,16.0,53.33,43.0,20.0,23.0,5.0,16.0
c07f654a-67e5-11f0-909f-4b31bc5c544b,home,ca954dfe-5651-11f0-9c8a-116cf0b4675f,Pau-Lacq-Orthez,24.0,3.0,3.0,,25.0,14.0,10.0,71.43,PT200M,,79.0,26.0,7.0,26.92,38.0,24.0,63.16,33.0,21.0,12.0,3.0,12.0
c07f654a-67e5-11f0-909f-4b31bc5c544b,away,d67f9f42-5651-11f0-af2c-1b2819a7091f,Quimper,29.0,3.0,3.0,,14.0,31.0,23.0,74.19,PT200M,,104.0,33.0,13.0,39.39,30.0,21.0,70.0,32.0,21.0,11.0,5.0,8.0
1459860f-67e6-11f0-b23b-9d1d3a927139,home,47f9fac8-564f-11f0-bf00-55fec7cade86,Caen,19.0,1.0,4.0,,22.0,38.0,29.0,76.32,PT200M,,89.0,35.0,8.0,22.86,33.0,18.0,54.55,40.0,27.0,13.0,7.0,7.0
1459860f-67e6-11f0-b23b-9d1d3a927139,away,ca954dfe-5651-11f0-9c8a-116cf0b4675f,Pau-Lacq-Orthez,18.0,4.0,1.0,,28.0,19.0,13.0,68.42,PT200M,,85.0,32.0,10.0,31.25,41.0,21.0,51.22,50.0,33.0,17.0,1.0,15.0
1467e1b2-67e6-11f0-adbb-9d1d3a927139,home,540e7ec0-5651-11f0-9652-cf49a1c556a9,Nantes,24.0,0.0,3.0,,25.0,25.0,18.0,72.0,PT200M,,96.0,24.0,10.0,41.67,33.0,24.0,72.73,24.0,17.0,7.0,8.0,17.0
1467e1b2-67e6-11f0-adbb-9d1d3a927139,away,cfe8a6ed-5650-11f0-9f71-3bf393eceaf3,Gries-Souffel,18.0,3.0,0.0,,26.0,32.0,22.0,68.75,PT200M,,84.0,17.0,4.0,23.53,40.0,25.0,62.5,33.0,19.0,14.0,9.0,20.0
146ea577-67e6-11f0-bb2d-9d1d3a927139,home,5dd1167c-5656-11f0-b30a-37174fbd761c,Roanne,16.0,4.0,5.0,,28.0,31.0,24.0,77.42,PT200M,,75.0,25.0,7.0,28.0,30.0,15.0,50.0,33.0,22.0,11.0,5.0,18.0
146ea577-67e6-11f0-bb2d-9d1d3a927139,away,74fcb27a-5656-11f0-afef-790204f271a9,Vichy,13.0,5.0,4.0,,28.0,31.0,23.0,74.19,PT200M,,76.0,23.0,5.0,21.74,45.0,19.0,42.22,46.0,22.0,24.0,10.0,19.0
14840dde-67e6-11f0-a90b-9d1d3a927139,home,660581d1-5656-11f0-9c26-e53122149748,Rouen,16.0,2.0,3.0,,20.0,29.0,20.0,68.97,PT200M,,75.0,23.0,7.0,30.43,39.0,17.0,43.59,43.0,26.0,17.0,8.0,21.0
14840dde-67e6-11f0-a90b-9d1d3a927139,away,c4289b03-5651-11f0-b117-1b2819a7091f,Orléans,16.0,3.0,2.0,,25.0,23.0,20.0,86.96,PT200M,,83.0,29.0,13.0,44.83,37.0,12.0,32.43,39.0,23.0,16.0,8.0,15.0
1460b990-67e6-11f0-87e9-9d1d3a927139,home,6d6ed8f2-5656-11f0-968b-2571d849cba9,Saint-Chamond-Andrezieux,26.0,3.0,2.0,,18.0,11.0,7.0,63.64,PT200M,,88.0,26.0,7.0,26.92,42.0,30.0,71.43,35.0,26.0,9.0,4.0,10.0
1460b990-67e6-11f0-87e9-9d1d3a927139,away,a82c5ed3-564f-11f0-9879-b161853c3f42,Châlons-Reims,14.0,2.0,3.0,,14.0,16.0,8.0,50.0,PT200M,,70.0,23.0,8.0,34.78,34.0,19.0,55.88,27.0,21.0,6.0,5.0,14.0
149252f0-67e6-11f0-8dce-9d1d3a927139,home,d8dc7c09-564d-11f0-bfc0-01843dded219,Antibes,17.0,1.0,0.0,,13.0,26.0,21.0,80.77,PT200M,,99.0,28.0,8.0,28.57,41.0,27.0,65.85,38.0,24.0,14.0,8.0,11.0
149252f0-67e6-11f0-8dce-9d1d3a927139,away,12444214-564f-11f0-937d-df51377c0aa2,Challans,16.0,0.0,1.0,,16.0,10.0,6.0,60.0,PT200M,,83.0,20.0,9.0,45.0,43.0,25.0,58.14,26.0,19.0,7.0,6.0,15.0
14515d18-67e6-11f0-8686-9d1d3a927139,home,d0bde5b3-5651-11f0-ac8b-53657eeba26b,Poitiers,21.0,8.0,3.0,,22.0,30.0,26.0,86.67,PT200M,,95.0,31.0,13.0,41.94,41.0,15.0,36.59,55.0,36.0,19.0,6.0,8.0
14515d18-67e6-11f0-8686-9d1d3a927139,away,4ca8c586-5651-11f0-ab60-cf49a1c556a9,La Rochelle,16.0,3.0,8.0,,21.0,21.0,12.0,57.14,PT200M,,64.0,21.0,2.0,9.52,46.0,23.0,50.0,38.0,27.0,11.0,6.0,13.0
147c9e75-67e6-11f0-9edd-9d1d3a927139,home,021be54f-564e-11f0-af87-53657eeba26b,Blois,23.0,5.0,0.0,,22.0,28.0,17.0,60.71,PT200M,,103.0,27.0,10.0,37.04,41.0,28.0,68.29,38.0,27.0,11.0,9.0,17.0
147c9e75-67e6-11f0-9edd-9d1d3a927139,away,c64e4f9d-5650-11f0-a83a-db92f4e0ad79,Evreux,24.0,0.0,5.0,,25.0,28.0,20.0,71.43,PT200M,,84.0,20.0,2.0,10.0,47.0,29.0,61.7,37.0,24.0,13.0,8.0,19.0
148b8888-67e6-11f0-97ae-9d1d3a927139,home,d67f9f42-5651-11f0-af2c-1b2819a7091f,Quimper,17.0,5.0,1.0,,21.0,15.0,14.0,93.33,PT200M,,67.0,29.0,7.0,24.14,32.0,16.0,50.0,37.0,26.0,11.0,2.0,10.0
148b8888-67e6-11f0-97ae-9d1d3a927139,away,bab3e699-5650-11f0-8c0c-5d11459a90d4,Denain,16.0,1.0,5.0,,16.0,15.0,8.0,53.33,PT200M,,70.0,33.0,8.0,24.24,34.0,19.0,55.88,43.0,28.0,15.0,6.0,9.0
149ff196-67e6-11f0-8c41-9d1d3a927139,home,d67f9f42-5651-11f0-af2c-1b2819a7091f,Quimper,15.0,7.0,2.0,,19.0,32.0,25.0,78.12,PT200M,,66.0,30.0,5.0,16.67,22.0,13.0,59.09,41.0,30.0,11.0,4.0,17.0
149ff196-67e6-11f0-8c41-9d1d3a927139,away,47f9fac8-564f-11f0-bf00-55fec7cade86,Caen,21.0,3.0,7.0,,27.0,17.0,10.0,58.82,PT200M,,79.0,40.0,11.0,27.5,34.0,18.0,52.94,42.0,25.0,17.0,4.0,10.0
14ae08a4-67e6-11f0-aa86-9d1d3a927139,home,c64e4f9d-5650-11f0-a83a-db92f4e0ad79,Evreux,13.0,2.0,0.0,,24.0,24.0,15.0,62.5,PT200M,,87.0,24.0,8.0,33.33,39.0,24.0,61.54,30.0,18.0,12.0,4.0,17.0
14ae08a4-67e6-11f0-aa86-9d1d3a927139,away,5dd1167c-5656-11f0-b30a-37174fbd761c,Roanne,21.0,0.0,2.0,,28.0,28.0,24.0,85.71,PT200M,,107.0,20.0,9.0,45.0,45.0,28.0,62.22,38.0,25.0,13.0,9.0,10.0
14b516b5-67e6-11f0-ba0e-9d1d3a927139,home,bd884864-564d-11f0-9d32-075d9b5a3600,Aix-Maurienne,26.0,10.0,1.0,,21.0,23.0,21.0,91.3,PT200M,,82.0,19.0,7.0,36.84,39.0,20.0,51.28,35.0,26.0,9.0,7.0,20.0
14b516b5-67e6-11f0-ba0e-9d1d3a927139,away,ca954dfe-5651-11f0-9c8a-116cf0b4675f,Pau-Lacq-Orthez,19.0,1.0,9.0,,21.0,22.0,14.0,63.64,PT200M,,91.0,29.0,13.0,44.83,52.0,19.0,36.54,47.0,23.0,24.0,8.0,14.0
14c9ffbb-67e6-11f0-a322-9d1d3a927139,home,bab3e699-5650-11f0-8c0c-5d11459a90d4,Denain,12.0,4.0,2.0,,23.0,23.0,13.0,56.52,PT200M,,74.0,29.0,7.0,24.14,41.0,20.0,48.78,46.0,27.0,19.0,7.0,15.0
14c9ffbb-67e6-11f0-a322-9d1d3a927139,away,4ca8c586-5651-11f0-ab60-cf49a1c556a9,La Rochelle,18.0,2.0,4.0,,24.0,14.0,9.0,64.29,PT200M,,64.0,23.0,5.0,21.74,35.0,20.0,57.14,34.0,27.0,7.0,6.0,17.0
14a6bbee-67e6-11f0-a11c-9d1d3a927139,home,74fcb27a-5656-11f0-afef-790204f271a9,Vichy,12.0,3.0,1.0,,24.0,28.0,20.0,71.43,PT200M,,76.0,21.0,6.0,28.57,35.0,19.0,54.29,28.0,19.0,9.0,6.0,10.0
14a6bbee-67e6-11f0-a11c-9d1d3a927139,away,454c2924-5651-11f0-aa5c-3fb2943d9a83,Hyères-Toulon,11.0,1.0,3.0,,24.0,25.0,23.0,92.0,PT200M,,97.0,25.0,10.0,40.0,33.0,22.0,66.67,36.0,27.0,9.0,5.0,13.0
14bc362b-67e6-11f0-8686-9d1d3a927139,home,a82c5ed3-564f-11f0-9879-b161853c3f42,Châlons-Reims,25.0,0.0,1.0,,26.0,26.0,19.0,73.08,PT200M,,86.0,23.0,9.0,39.13,38.0,20.0,52.63,34.0,22.0,12.0,6.0,10.0
14bc362b-67e6-11f0-8686-9d1d3a927139,away,540e7ec0-5651-11f0-9652-cf49a1c556a9,Nantes,15.0,1.0,0.0,,22.0,30.0,23.0,76.67,PT200M,,71.0,23.0,6.0,26.09,25.0,15.0,60.0,30.0,20.0,10.0,4.0,19.0
14c2a653-67e6-11f0-8c8c-9d1d3a927139,home,6d6ed8f2-5656-11f0-968b-2571d849cba9,Saint-Chamond-Andrezieux,20.0,5.0,4.0,,21.0,13.0,10.0,76.92,PT200M,,76.0,21.0,6.0,28.57,50.0,24.0,48.0,48.0,37.0,11.0,7.0,14.0
14c2a653-67e6-11f0-8c8c-9d1d3a927139,away,d8dc7c09-564d-11f0-bfc0-01843dded219,Antibes,16.0,4.0,5.0,,16.0,19.0,14.0,73.68,PT200M,,69.0,22.0,7.0,31.82,43.0,17.0,39.53,39.0,32.0,7.0,5.0,13.0
14d0a51d-67e6-11f0-a7e8-9d1d3a927139,home,cfe8a6ed-5650-11f0-9f71-3bf393eceaf3,Gries-Souffel,20.0,3.0,3.0,,26.0,29.0,17.0,58.62,PT200M,,78.0,19.0,3.0,15.79,45.0,26.0,57.78,48.0,29.0,19.0,8.0,19.0
14d0a51d-67e6-11f0-a7e8-9d1d3a927139,away,021be54f-564e-11f0-af87-53657eeba26b,Blois,15.0,3.0,3.0,,27.0,32.0,23.0,71.88,PT200M,,85.0,22.0,10.0,45.45,46.0,16.0,34.78,36.0,22.0,14.0,11.0,13.0
bf240663-67e5-11f0-87f1-4b31bc5c544b,home,d67f9f42-5651-11f0-af2c-1b2819a7091f,Quimper,23.0,1.0,4.0,,14.0,21.0,0.0,76.19,PT200M,,89.0,30.0,0.0,43.33,34.0,0.0,50.0,31.0,26.0,5.0,8.0,15.0
bf240663-67e5-11f0-87f1-4b31bc5c544b,away,bd884864-564d-11f0-9d32-075d9b5a3600,Aix-Maurienne,25.0,5.0,1.0,,18.0,17.0,0.0,82.35,PT200M,,95.0,25.0,0.0,36.0,48.0,0.0,56.25,46.0,33.0,13.0,7.0,15.0
151ca460-67e6-11f0-a4a3-9d1d3a927139,home,47f9fac8-564f-11f0-bf00-55fec7cade86,Caen,23.0,2.0,7.0,,22.0,40.0,27.0,67.5,PT225M,,106.0,31.0,9.0,29.03,49.0,26.0,53.06,53.0,32.0,21.0,12.0,15.0
151ca460-67e6-11f0-a4a3-9d1d3a927139,away,bd884864-564d-11f0-9d32-075d9b5a3600,Aix-Maurienne,24.0,6.0,1.0,,32.0,28.0,17.0,60.71,PT225M,,96.0,33.0,7.0,21.21,45.0,29.0,64.44,43.0,28.0,15.0,10.0,17.0
14e54f41-67e6-11f0-9576-9d1d3a927139,home,5dd1167c-5656-11f0-b30a-37174fbd761c,Roanne,15.0,3.0,2.0,,21.0,32.0,21.0,65.62,PT200M,,81.0,27.0,6.0,22.22,39.0,21.0,53.85,44.0,29.0,15.0,8.0,11.0
14e54f41-67e6-11f0-9576-9d1d3a927139,away,d8dc7c09-564d-11f0-bfc0-01843dded219,Antibes,17.0,2.0,3.0,,26.0,16.0,12.0,75.0,PT200M,,75.0,23.0,7.0,30.43,45.0,21.0,46.67,39.0,26.0,13.0,4.0,15.0
14ec59fd-67e6-11f0-a886-9d1d3a927139,home,4ca8c586-5651-11f0-ab60-cf49a1c556a9,La Rochelle,22.0,3.0,5.0,,21.0,21.0,18.0,85.71,PT200M,,84.0,28.0,10.0,35.71,37.0,18.0,48.65,36.0,25.0,11.0,12.0,11.0
14ec59fd-67e6-11f0-a886-9d1d3a927139,away,d67f9f42-5651-11f0-af2c-1b2819a7091f,Quimper,16.0,5.0,3.0,,22.0,22.0,17.0,77.27,PT200M,,59.0,27.0,6.0,22.22,26.0,12.0,46.15,36.0,26.0,10.0,7.0,19.0
14f31a5e-67e6-11f0-8558-9d1d3a927139,home,454c2924-5651-11f0-aa5c-3fb2943d9a83,Hyères-Toulon,12.0,3.0,1.0,,19.0,29.0,24.0,82.76,PT200M,,96.0,41.0,14.0,34.15,24.0,15.0,62.5,33.0,19.0,14.0,8.0,11.0
14f31a5e-67e6-11f0-8558-9d1d3a927139,away,6d6ed8f2-5656-11f0-968b-2571d849cba9,Saint-Chamond-Andrezieux,20.0,1.0,2.0,,26.0,23.0,16.0,69.57,PT200M,,90.0,29.0,8.0,27.59,38.0,25.0,65.79,38.0,23.0,15.0,3.0,12.0
1507915c-67e6-11f0-ba4c-9d1d3a927139,home,660581d1-5656-11f0-9c26-e53122149748,Rouen,15.0,1.0,2.0,,18.0,30.0,24.0,80.0,PT200M,,79.0,22.0,5.0,22.73,37.0,20.0,54.05,43.0,28.0,15.0,8.0,19.0
1507915c-67e6-11f0-ba4c-9d1d3a927139,away,540e7ec0-5651-11f0-9652-cf49a1c556a9,Nantes,15.0,2.0,1.0,,27.0,20.0,18.0,90.0,PT200M,,87.0,31.0,11.0,35.48,41.0,18.0,43.9,35.0,21.0,14.0,5.0,13.0
14de40b6-67e6-11f0-a735-9d1d3a927139,home,ca954dfe-5651-11f0-9c8a-116cf0b4675f,Pau-Lacq-Orthez,18.0,2.0,4.0,,17.0,21.0,16.0,76.19,PT200M,,79.0,17.0,7.0,41.18,42.0,21.0,50.0,38.0,27.0,11.0,2.0,14.0
14de40b6-67e6-11f0-a735-9d1d3a927139,away,d0bde5b3-5651-11f0-ac8b-53657eeba26b,Poitiers,17.0,4.0,2.0,,21.0,19.0,16.0,84.21,PT200M,,80.0,26.0,8.0,30.77,39.0,20.0,51.28,32.0,21.0,11.0,6.0,7.0
1500bf77-67e6-11f0-8abc-9d1d3a927139,home,cfe8a6ed-5650-11f0-9f71-3bf393eceaf3,Gries-Souffel,20.0,0.0,1.0,,27.0,30.0,24.0,80.0,PT200M,,82.0,23.0,8.0,34.78,33.0,17.0,51.52,31.0,20.0,11.0,8.0,20.0
1500bf77-67e6-11f0-8abc-9d1d3a927139,away,a82c5ed3-564f-11f0-9879-b161853c3f42,Châlons-Reims,15.0,1.0,0.0,,20.0,30.0,24.0,80.0,PT200M,,90.0,17.0,6.0,35.29,39.0,24.0,61.54,32.0,25.0,7.0,11.0,14.0
150e5d34-67e6-11f0-ba3c-9d1d3a927139,home,12444214-564f-11f0-937d-df51377c0aa2,Challans,22.0,5.0,1.0,,29.0,16.0,8.0,50.0,PT200M,,79.0,30.0,11.0,36.67,38.0,19.0,50.0,26.0,19.0,7.0,11.0,10.0
150e5d34-67e6-11f0-ba3c-9d1d3a927139,away,c64e4f9d-5650-11f0-a83a-db92f4e0ad79,Evreux,19.0,1.0,5.0,,19.0,37.0,25.0,67.57,PT200M,,86.0,16.0,3.0,18.75,37.0,26.0,70.27,45.0,35.0,10.0,5.0,20.0
14fa0584-67e6-11f0-8cb3-9d1d3a927139,home,c4289b03-5651-11f0-b117-1b2819a7091f,Orléans,22.0,2.0,3.0,,22.0,35.0,24.0,68.57,PT200M,,82.0,19.0,4.0,21.05,38.0,23.0,60.53,36.0,22.0,14.0,16.0,19.0
14fa0584-67e6-11f0-8cb3-9d1d3a927139,away,74fcb27a-5656-11f0-afef-790204f271a9,Vichy,18.0,3.0,2.0,,25.0,21.0,18.0,85.71,PT200M,,74.0,16.0,6.0,37.5,35.0,19.0,54.29,26.0,20.0,6.0,13.0,22.0
1515cca4-67e6-11f0-908d-9d1d3a927139,home,021be54f-564e-11f0-af87-53657eeba26b,Blois,23.0,5.0,4.0,,29.0,14.0,11.0,78.57,PT200M,,108.0,21.0,11.0,52.38,46.0,32.0,69.57,30.0,22.0,8.0,6.0,16.0
1515cca4-67e6-11f0-908d-9d1d3a927139,away,bab3e699-5650-11f0-8c0c-5d11459a90d4,Denain,21.0,4.0,5.0,,20.0,29.0,22.0,75.86,PT200M,,100.0,24.0,8.0,33.33,42.0,27.0,64.29,30.0,17.0,13.0,6.0,14.0
bf01596f-67e5-11f0-b2bf-4b31bc5c544b,home,d8dc7c09-564d-11f0-bfc0-01843dded219,Antibes,18.0,0.0,2.0,,20.0,21.0,18.0,85.71,PT200M,,96.0,24.0,8.0,33.33,43.0,27.0,62.79,41.0,28.0,13.0,9.0,15.0
bf01596f-67e5-11f0-b2bf-4b31bc5c544b,away,4ca8c586-5651-11f0-ab60-cf49a1c556a9,La Rochelle,18.0,2.0,0.0,,21.0,19.0,11.0,57.89,PT200M,,82.0,25.0,5.0,20.0,38.0,28.0,73.68,28.0,20.0,8.0,9.0,13.0
152b2122-67e6-11f0-a6bf-9d1d3a927139,home,bab3e699-5650-11f0-8c0c-5d11459a90d4,Denain,17.0,2.0,3.0,,30.0,29.0,22.0,75.86,PT200M,,94.0,28.0,12.0,42.86,39.0,18.0,46.15,44.0,29.0,15.0,2.0,14.0
152b2122-67e6-11f0-a6bf-9d1d3a927139,away,5dd1167c-5656-11f0-b30a-37174fbd761c,Roanne,17.0,3.0,2.0,,26.0,29.0,18.0,62.07,PT200M,,86.0,23.0,8.0,34.78,45.0,22.0,48.89,34.0,19.0,15.0,7.0,8.0
15326348-67e6-11f0-9d78-9d1d3a927139,home,a82c5ed3-564f-11f0-9879-b161853c3f42,Châlons-Reims,16.0,1.0,7.0,,17.0,37.0,31.0,83.78,PT200M,,80.0,25.0,7.0,28.0,29.0,14.0,48.28,34.0,24.0,10.0,8.0,12.0
15326348-67e6-11f0-9d78-9d1d3a927139,away,021be54f-564e-11f0-af87-53657eeba26b,Blois,17.0,7.0,1.0,,25.0,17.0,16.0,94.12,PT200M,,76.0,21.0,8.0,38.1,39.0,18.0,46.15,34.0,25.0,9.0,3.0,15.0
15397c6c-67e6-11f0-a7e1-9d1d3a927139,home,c64e4f9d-5650-11f0-a83a-db92f4e0ad79,Evreux,13.0,3.0,3.0,,24.0,18.0,8.0,44.44,PT200M,,81.0,23.0,11.0,47.83,40.0,20.0,50.0,28.0,17.0,11.0,6.0,20.0
15397c6c-67e6-11f0-a7e1-9d1d3a927139,away,6d6ed8f2-5656-11f0-968b-2571d849cba9,Saint-Chamond-Andrezieux,18.0,3.0,3.0,,23.0,25.0,17.0,68.0,PT200M,,93.0,22.0,8.0,36.36,38.0,26.0,68.42,33.0,24.0,9.0,10.0,21.0
15405d4f-67e6-11f0-995d-9d1d3a927139,home,454c2924-5651-11f0-aa5c-3fb2943d9a83,Hyères-Toulon,11.0,3.0,1.0,,22.0,37.0,29.0,78.38,PT200M,,74.0,18.0,5.0,27.78,29.0,15.0,51.72,32.0,23.0,9.0,6.0,17.0
15405d4f-67e6-11f0-995d-9d1d3a927139,away,c4289b03-5651-11f0-b117-1b2819a7091f,Orléans,16.0,1.0,3.0,,32.0,21.0,15.0,71.43,PT200M,,70.0,24.0,7.0,29.17,31.0,17.0,54.84,30.0,22.0,8.0,8.0,18.0
15476dc9-67e6-11f0-855b-9d1d3a927139,home,4ca8c586-5651-11f0-ab60-cf49a1c556a9,La Rochelle,14.0,6.0,6.0,,25.0,31.0,23.0,74.19,PT200M,,76.0,27.0,9.0,33.33,32.0,13.0,40.62,35.0,23.0,12.0,2.0,8.0
15476dc9-67e6-11f0-855b-9d1d3a927139,away,cfe8a6ed-5650-11f0-9f71-3bf393eceaf3,Gries-Souffel,14.0,6.0,6.0,,25.0,24.0,17.0,70.83,PT200M,,87.0,20.0,6.0,30.0,46.0,26.0,56.52,40.0,26.0,14.0,4.0,7.0
154e4ddb-67e6-11f0-9962-9d1d3a927139,home,d0bde5b3-5651-11f0-ac8b-53657eeba26b,Poitiers,24.0,2.0,1.0,,18.0,21.0,17.0,80.95,PT200M,,89.0,26.0,8.0,30.77,46.0,24.0,52.17,43.0,27.0,16.0,7.0,8.0
154e4ddb-67e6-11f0-9962-9d1d3a927139,away,bd884864-564d-11f0-9d32-075d9b5a3600,Aix-Maurienne,16.0,1.0,2.0,,18.0,24.0,19.0,79.17,PT200M,,77.0,24.0,8.0,33.33,36.0,17.0,47.22,33.0,23.0,10.0,4.0,13.0
15556e0a-67e6-11f0-b7d4-9d1d3a927139,home,d67f9f42-5651-11f0-af2c-1b2819a7091f,Quimper,27.0,1.0,0.0,,22.0,25.0,23.0,92.0,PT200M,,82.0,32.0,11.0,34.38,29.0,13.0,44.83,41.0,28.0,13.0,6.0,12.0
15556e0a-67e6-11f0-b7d4-9d1d3a927139,away,12444214-564f-11f0-937d-df51377c0aa2,Challans,16.0,0.0,1.0,,19.0,22.0,10.0,45.45,PT200M,,63.0,19.0,7.0,36.84,30.0,16.0,53.33,29.0,24.0,5.0,6.0,18.0
155cbf88-67e6-11f0-99cc-9d1d3a927139,home,540e7ec0-5651-11f0-9652-cf49a1c556a9,Nantes,19.0,0.0,1.0,,20.0,26.0,19.0,73.08,PT200M,,87.0,30.0,6.0,20.0,33.0,25.0,75.76,37.0,24.0,13.0,3.0,12.0
155cbf88-67e6-11f0-99cc-9d1d3a927139,away,47f9fac8-564f-11f0-bf00-55fec7cade86,Caen,18.0,1.0,0.0,,29.0,21.0,15.0,71.43,PT200M,,78.0,23.0,7.0,30.43,36.0,21.0,58.33,26.0,18.0,8.0,5.0,10.0
1523fe14-67e6-11f0-9d69-9d1d3a927139,home,74fcb27a-5656-11f0-afef-790204f271a9,Vichy,22.0,1.0,4.0,,20.0,28.0,22.0,78.57,PT200M,,85.0,25.0,11.0,44.0,40.0,15.0,37.5,41.0,23.0,18.0,12.0,13.0
1523fe14-67e6-11f0-9d69-9d1d3a927139,away,ca954dfe-5651-11f0-9c8a-116cf0b4675f,Pau-Lacq-Orthez,23.0,4.0,0.0,,22.0,22.0,15.0,68.18,PT200M,,80.0,23.0,7.0,30.43,36.0,22.0,61.11,31.0,21.0,10.0,9.0,15.0
157f4007-67e6-11f0-aff8-9d1d3a927139,home,47f9fac8-564f-11f0-bf00-55fec7cade86,Caen,21.0,0.0,1.0,,28.0,24.0,19.0,79.17,PT200M,,94.0,20.0,7.0,35.0,44.0,27.0,61.36,35.0,20.0,15.0,2.0,13.0
157f4007-67e6-11f0-aff8-9d1d3a927139,away,d8dc7c09-564d-11f0-bfc0-01843dded219,Antibes,14.0,1.0,0.0,,28.0,29.0,23.0,79.31,PT200M,,89.0,25.0,8.0,32.0,33.0,21.0,63.64,28.0,17.0,11.0,6.0,13.0
158d71ea-67e6-11f0-9367-9d1d3a927139,home,bd884864-564d-11f0-9d32-075d9b5a3600,Aix-Maurienne,17.0,8.0,5.0,,18.0,7.0,4.0,57.14,PT200M,,68.0,25.0,4.0,16.0,47.0,26.0,55.32,39.0,24.0,15.0,7.0,15.0
158d71ea-67e6-11f0-9367-9d1d3a927139,away,4ca8c586-5651-11f0-ab60-cf49a1c556a9,La Rochelle,17.0,6.0,8.0,,15.0,16.0,13.0,81.25,PT200M,,69.0,23.0,6.0,26.09,38.0,19.0,50.0,38.0,27.0,11.0,7.0,18.0
1594ae30-67e6-11f0-8c09-9d1d3a927139,home,5dd1167c-5656-11f0-b30a-37174fbd761c,Roanne,23.0,1.0,1.0,,29.0,35.0,30.0,85.71,PT200M,,101.0,27.0,11.0,40.74,29.0,19.0,65.52,39.0,29.0,10.0,5.0,12.0
1594ae30-67e6-11f0-8c09-9d1d3a927139,away,540e7ec0-5651-11f0-9652-cf49a1c556a9,Nantes,13.0,1.0,1.0,,24.0,28.0,19.0,67.86,PT200M,,77.0,22.0,4.0,18.18,37.0,23.0,62.16,24.0,16.0,8.0,2.0,13.0
15a236bb-67e6-11f0-a742-9d1d3a927139,home,660581d1-5656-11f0-9c26-e53122149748,Rouen,21.0,4.0,1.0,,26.0,41.0,26.0,63.41,PT200M,,93.0,22.0,11.0,50.0,37.0,17.0,45.95,41.0,29.0,12.0,8.0,15.0
15a236bb-67e6-11f0-a742-9d1d3a927139,away,bab3e699-5650-11f0-8c0c-5d11459a90d4,Denain,16.0,1.0,4.0,,34.0,24.0,20.0,83.33,PT200M,,79.0,35.0,9.0,25.71,29.0,16.0,55.17,36.0,24.0,12.0,5.0,19.0
15a90671-67e6-11f0-a982-9d1d3a927139,home,a82c5ed3-564f-11f0-9879-b161853c3f42,Châlons-Reims,27.0,1.0,4.0,,21.0,25.0,17.0,68.0,PT200M,,104.0,38.0,19.0,50.0,31.0,15.0,48.39,45.0,30.0,15.0,5.0,4.0
15a90671-67e6-11f0-a982-9d1d3a927139,away,d67f9f42-5651-11f0-af2c-1b2819a7091f,Quimper,19.0,4.0,1.0,,22.0,21.0,14.0,66.67,PT200M,,72.0,28.0,8.0,28.57,31.0,17.0,54.84,32.0,23.0,9.0,3.0,7.0
15719778-67e6-11f0-9dbf-9d1d3a927139,home,12444214-564f-11f0-937d-df51377c0aa2,Challans,18.0,1.0,2.0,,22.0,23.0,14.0,60.87,PT200M,,73.0,21.0,7.0,33.33,35.0,19.0,54.29,31.0,21.0,10.0,10.0,16.0
15719778-67e6-11f0-9dbf-9d1d3a927139,away,454c2924-5651-11f0-aa5c-3fb2943d9a83,Hyères-Toulon,15.0,2.0,1.0,,20.0,16.0,12.0,75.0,PT200M,,83.0,28.0,9.0,32.14,32.0,22.0,68.75,32.0,24.0,8.0,7.0,15.0
157835b0-67e6-11f0-9fcb-9d1d3a927139,home,6d6ed8f2-5656-11f0-968b-2571d849cba9,Saint-Chamond-Andrezieux,23.0,0.0,4.0,,20.0,27.0,19.0,70.37,PT200M,,82.0,28.0,9.0,32.14,30.0,18.0,60.0,36.0,21.0,15.0,3.0,18.0
157835b0-67e6-11f0-9fcb-9d1d3a927139,away,ca954dfe-5651-11f0-9c8a-116cf0b4675f,Pau-Lacq-Orthez,29.0,4.0,0.0,,20.0,22.0,16.0,72.73,PT200M,,104.0,24.0,8.0,33.33,48.0,32.0,66.67,35.0,19.0,16.0,8.0,7.0
15863e3d-67e6-11f0-a539-9d1d3a927139,home,cfe8a6ed-5650-11f0-9f71-3bf393eceaf3,Gries-Souffel,17.0,3.0,1.0,,20.0,19.0,16.0,84.21,PT200M,,82.0,27.0,10.0,37.04,31.0,18.0,58.06,29.0,17.0,12.0,12.0,21.0
15863e3d-67e6-11f0-a539-9d1d3a927139,away,74fcb27a-5656-11f0-afef-790204f271a9,Vichy,15.0,1.0,3.0,,22.0,27.0,21.0,77.78,PT200M,,77.0,26.0,8.0,30.77,31.0,16.0,51.61,33.0,18.0,15.0,13.0,24.0
159b7b65-67e6-11f0-89fc-9d1d3a927139,home,c4289b03-5651-11f0-b117-1b2819a7091f,Orléans,25.0,3.0,0.0,,28.0,15.0,12.0,80.0,PT200M,,87.0,29.0,11.0,37.93,37.0,21.0,56.76,37.0,28.0,9.0,10.0,20.0
159b7b65-67e6-11f0-89fc-9d1d3a927139,away,c64e4f9d-5650-11f0-a83a-db92f4e0ad79,Evreux,18.0,0.0,3.0,,18.0,25.0,18.0,72.0,PT200M,,74.0,18.0,4.0,22.22,47.0,22.0,46.81,40.0,25.0,15.0,10.0,24.0
156ace09-67e6-11f0-a4de-9d1d3a927139,home,021be54f-564e-11f0-af87-53657eeba26b,Blois,24.0,3.0,3.0,,24.0,27.0,16.0,59.26,PT200M,,95.0,21.0,7.0,33.33,49.0,29.0,59.18,36.0,18.0,18.0,11.0,8.0
156ace09-67e6-11f0-a4de-9d1d3a927139,away,d0bde5b3-5651-11f0-ac8b-53657eeba26b,Poitiers,19.0,3.0,3.0,,23.0,34.0,25.0,73.53,PT200M,,90.0,26.0,13.0,50.0,26.0,13.0,50.0,33.0,21.0,12.0,3.0,17.0
15afebd0-67e6-11f0-92b7-9d1d3a927139,home,4ca8c586-5651-11f0-ab60-cf49a1c556a9,La Rochelle,13.0,2.0,1.0,,22.0,35.0,29.0,82.86,PT200M,,81.0,27.0,8.0,29.63,26.0,14.0,53.85,44.0,35.0,9.0,3.0,14.0
15afebd0-67e6-11f0-92b7-9d1d3a927139,away,47f9fac8-564f-11f0-bf00-55fec7cade86,Caen,18.0,1.0,2.0,,30.0,16.0,6.0,37.5,PT200M,,78.0,39.0,12.0,30.77,34.0,18.0,52.94,38.0,25.0,13.0,7.0,11.0
15cca85b-67e6-11f0-8057-9d1d3a927139,home,5dd1167c-5656-11f0-b30a-37174fbd761c,Roanne,29.0,3.0,3.0,,23.0,18.0,11.0,61.11,PT200M,,108.0,22.0,11.0,50.0,46.0,32.0,69.57,42.0,28.0,14.0,4.0,13.0
15cca85b-67e6-11f0-8057-9d1d3a927139,away,454c2924-5651-11f0-aa5c-3fb2943d9a83,Hyères-Toulon,16.0,3.0,3.0,,20.0,23.0,17.0,73.91,PT200M,,82.0,28.0,11.0,39.29,36.0,16.0,44.44,26.0,15.0,11.0,5.0,9.0
15d39688-67e6-11f0-9d63-9d1d3a927139,home,c64e4f9d-5650-11f0-a83a-db92f4e0ad79,Evreux,16.0,1.0,2.0,,24.0,15.0,8.0,53.33,PT200M,,77.0,25.0,7.0,28.0,48.0,24.0,50.0,42.0,31.0,11.0,6.0,15.0
15d39688-67e6-11f0-9d63-9d1d3a927139,away,bd884864-564d-11f0-9d32-075d9b5a3600,Aix-Maurienne,21.0,2.0,1.0,,17.0,28.0,18.0,64.29,PT200M,,81.0,23.0,7.0,30.43,34.0,21.0,61.76,38.0,35.0,3.0,8.0,15.0
15e22066-67e6-11f0-b7b1-9d1d3a927139,home,bab3e699-5650-11f0-8c0c-5d11459a90d4,Denain,16.0,0.0,3.0,,23.0,30.0,20.0,66.67,PT200M,,97.0,27.0,7.0,25.93,45.0,28.0,62.22,42.0,25.0,17.0,7.0,6.0
15e22066-67e6-11f0-b7b1-9d1d3a927139,away,c4289b03-5651-11f0-b117-1b2819a7091f,Orléans,17.0,3.0,0.0,,28.0,21.0,11.0,52.38,PT200M,,72.0,27.0,9.0,33.33,37.0,17.0,45.95,38.0,22.0,16.0,3.0,17.0
15e8fa4c-67e6-11f0-aa94-9d1d3a927139,home,d67f9f42-5651-11f0-af2c-1b2819a7091f,Quimper,15.0,4.0,4.0,,19.0,17.0,11.0,64.71,PT200M,,71.0,30.0,8.0,26.67,30.0,18.0,60.0,33.0,21.0,12.0,4.0,13.0
15e8fa4c-67e6-11f0-aa94-9d1d3a927139,away,cfe8a6ed-5650-11f0-9f71-3bf393eceaf3,Gries-Souffel,16.0,4.0,4.0,,21.0,14.0,11.0,78.57,PT200M,,77.0,26.0,8.0,30.77,34.0,21.0,61.76,37.0,26.0,11.0,7.0,14.0
15be0caf-67e6-11f0-83fc-9d1d3a927139,home,12444214-564f-11f0-937d-df51377c0aa2,Challans,18.0,1.0,1.0,,29.0,12.0,7.0,58.33,PT200M,,73.0,29.0,4.0,13.79,46.0,27.0,58.7,42.0,27.0,15.0,9.0,9.0
15be0caf-67e6-11f0-83fc-9d1d3a927139,away,660581d1-5656-11f0-9c26-e53122149748,Rouen,17.0,1.0,1.0,,17.0,32.0,19.0,59.38,PT200M,,79.0,26.0,10.0,38.46,27.0,15.0,55.56,40.0,33.0,7.0,5.0,15.0
15db2f94-67e6-11f0-8759-9d1d3a927139,home,74fcb27a-5656-11f0-afef-790204f271a9,Vichy,22.0,2.0,2.0,,17.0,23.0,11.0,47.83,PT200M,,84.0,28.0,13.0,46.43,31.0,17.0,54.84,46.0,30.0,16.0,3.0,16.0
15db2f94-67e6-11f0-8759-9d1d3a927139,away,6d6ed8f2-5656-11f0-968b-2571d849cba9,Saint-Chamond-Andrezieux,16.0,2.0,2.0,,21.0,13.0,10.0,76.92,PT200M,,68.0,24.0,4.0,16.67,43.0,23.0,53.49,31.0,21.0,10.0,4.0,10.0
15f0756a-67e6-11f0-952e-9d1d3a927139,home,d8dc7c09-564d-11f0-bfc0-01843dded219,Antibes,16.0,2.0,2.0,,20.0,22.0,14.0,63.64,PT200M,,90.0,21.0,10.0,47.62,46.0,23.0,50.0,32.0,20.0,12.0,7.0,6.0
15f0756a-67e6-11f0-952e-9d1d3a927139,away,a82c5ed3-564f-11f0-9879-b161853c3f42,Châlons-Reims,12.0,2.0,2.0,,22.0,18.0,13.0,72.22,PT200M,,81.0,23.0,12.0,52.17,32.0,16.0,50.0,32.0,25.0,7.0,4.0,15.0
15c502bf-67e6-11f0-a398-9d1d3a927139,home,ca954dfe-5651-11f0-9c8a-116cf0b4675f,Pau-Lacq-Orthez,21.0,1.0,7.0,,30.0,34.0,29.0,85.29,PT250M,,102.0,24.0,7.0,29.17,47.0,26.0,55.32,40.0,24.0,16.0,10.0,22.0
15c502bf-67e6-11f0-a398-9d1d3a927139,away,021be54f-564e-11f0-af87-53657eeba26b,Blois,23.0,7.0,1.0,,32.0,41.0,32.0,78.05,PT250M,,107.0,33.0,9.0,27.27,34.0,24.0,70.59,39.0,26.0,13.0,15.0,21.0
15f762b2-67e6-11f0-aef4-9d1d3a927139,home,021be54f-564e-11f0-af87-53657eeba26b,Blois,19.0,3.0,3.0,,25.0,14.0,11.0,78.57,PT200M,,82.0,31.0,9.0,29.03,41.0,22.0,53.66,44.0,22.0,22.0,10.0,12.0
15f762b2-67e6-11f0-aef4-9d1d3a927139,away,d8dc7c09-564d-11f0-bfc0-01843dded219,Antibes,7.0,3.0,3.0,,21.0,26.0,21.0,80.77,PT200M,,61.0,20.0,4.0,20.0,37.0,14.0,37.84,38.0,20.0,18.0,5.0,18.0
1605bbb3-67e6-11f0-af46-9d1d3a927139,home,d0bde5b3-5651-11f0-ac8b-53657eeba26b,Poitiers,18.0,4.0,0.0,,22.0,29.0,19.0,65.52,PT200M,,75.0,35.0,10.0,28.57,27.0,13.0,48.15,46.0,25.0,21.0,9.0,18.0
1605bbb3-67e6-11f0-af46-9d1d3a927139,away,12444214-564f-11f0-937d-df51377c0aa2,Challans,17.0,0.0,4.0,,23.0,25.0,15.0,60.0,PT200M,,73.0,17.0,8.0,47.06,36.0,17.0,47.22,31.0,23.0,8.0,9.0,18.0
160cc5e7-67e6-11f0-b8f1-9d1d3a927139,home,c4289b03-5651-11f0-b117-1b2819a7091f,Orléans,26.0,3.0,1.0,,24.0,9.0,7.0,77.78,PT200M,,91.0,35.0,10.0,28.57,42.0,27.0,64.29,39.0,23.0,16.0,10.0,10.0
160cc5e7-67e6-11f0-b8f1-9d1d3a927139,away,4ca8c586-5651-11f0-ab60-cf49a1c556a9,La Rochelle,11.0,1.0,3.0,,18.0,22.0,16.0,72.73,PT200M,,61.0,22.0,3.0,13.64,36.0,18.0,50.0,39.0,23.0,16.0,3.0,20.0
162ff49d-67e6-11f0-ae9c-9d1d3a927139,home,bd884864-564d-11f0-9d32-075d9b5a3600,Aix-Maurienne,22.0,6.0,2.0,,18.0,25.0,21.0,84.0,PT200M,,80.0,23.0,7.0,30.43,44.0,19.0,43.18,39.0,22.0,17.0,5.0,10.0
162ff49d-67e6-11f0-ae9c-9d1d3a927139,away,540e7ec0-5651-11f0-9652-cf49a1c556a9,Nantes,18.0,2.0,6.0,,20.0,21.0,12.0,57.14,PT200M,,89.0,23.0,11.0,47.83,43.0,22.0,51.16,39.0,23.0,16.0,4.0,10.0
16375819-67e6-11f0-b269-9d1d3a927139,home,454c2924-5651-11f0-aa5c-3fb2943d9a83,Hyères-Toulon,17.0,5.0,1.0,,20.0,19.0,13.0,68.42,PT200M,,89.0,37.0,12.0,32.43,28.0,20.0,71.43,37.0,27.0,10.0,6.0,13.0
16375819-67e6-11f0-b269-9d1d3a927139,away,47f9fac8-564f-11f0-bf00-55fec7cade86,Caen,13.0,0.0,5.0,,22.0,20.0,15.0,75.0,PT200M,,76.0,27.0,7.0,25.93,42.0,20.0,47.62,42.0,25.0,17.0,7.0,15.0
15fe6597-67e6-11f0-8755-9d1d3a927139,home,cfe8a6ed-5650-11f0-9f71-3bf393eceaf3,Gries-Souffel,16.0,9.0,6.0,,18.0,26.0,15.0,57.69,PT200M,,68.0,21.0,5.0,23.81,43.0,19.0,44.19,40.0,27.0,13.0,7.0,15.0
15fe6597-67e6-11f0-8755-9d1d3a927139,away,c64e4f9d-5650-11f0-a83a-db92f4e0ad79,Evreux,16.0,6.0,8.0,,29.0,17.0,11.0,64.71,PT199M11S,,78.0,22.0,7.0,31.82,47.0,23.0,48.94,45.0,31.0,14.0,11.0,14.0
1613bc20-67e6-11f0-abf9-9d1d3a927139,home,ca954dfe-5651-11f0-9c8a-116cf0b4675f,Pau-Lacq-Orthez,15.0,1.0,0.0,,21.0,10.0,8.0,80.0,PT200M,,86.0,34.0,8.0,23.53,43.0,27.0,62.79,40.0,19.0,21.0,12.0,13.0
1613bc20-67e6-11f0-abf9-9d1d3a927139,away,660581d1-5656-11f0-9c26-e53122149748,Rouen,18.0,0.0,1.0,,18.0,20.0,12.0,60.0,PT200M,,72.0,22.0,8.0,36.36,33.0,18.0,54.55,36.0,22.0,14.0,5.0,20.0
161a630c-67e6-11f0-b5d9-9d1d3a927139,home,6d6ed8f2-5656-11f0-968b-2571d849cba9,Saint-Chamond-Andrezieux,28.0,1.0,2.0,,27.0,32.0,24.0,75.0,PT200M,,106.0,29.0,10.0,34.48,42.0,26.0,61.9,54.0,30.0,24.0,9.0,16.0
161a630c-67e6-11f0-b5d9-9d1d3a927139,away,d67f9f42-5651-11f0-af2c-1b2819a7091f,Quimper,18.0,2.0,1.0,,22.0,27.0,21.0,77.78,PT200M,,84.0,22.0,9.0,40.91,39.0,18.0,46.15,23.0,16.0,7.0,7.0,14.0
16284d95-67e6-11f0-9aab-9d1d3a927139,home,74fcb27a-5656-11f0-afef-790204f271a9,Vichy,14.0,5.0,0.0,,25.0,33.0,25.0,75.76,PT225M,,91.0,30.0,10.0,33.33,34.0,18.0,52.94,39.0,24.0,15.0,3.0,15.0
16284d95-67e6-11f0-9aab-9d1d3a927139,away,bab3e699-5650-11f0-8c0c-5d11459a90d4,Denain,16.0,0.0,5.0,,25.0,23.0,23.0,100.0,PT225M,,97.0,29.0,12.0,41.38,40.0,19.0,47.5,36.0,24.0,12.0,6.0,14.0
164f016c-67e6-11f0-97bc-9d1d3a927139,home,47f9fac8-564f-11f0-bf00-55fec7cade86,Caen,20.0,1.0,3.0,,30.0,32.0,24.0,75.0,PT200M,,93.0,26.0,9.0,34.62,35.0,21.0,60.0,32.0,23.0,9.0,6.0,13.0
164f016c-67e6-11f0-97bc-9d1d3a927139,away,6d6ed8f2-5656-11f0-968b-2571d849cba9,Saint-Chamond-Andrezieux,30.0,3.0,1.0,,27.0,34.0,18.0,52.94,PT200M,,94.0,25.0,8.0,32.0,43.0,26.0,60.47,41.0,23.0,18.0,7.0,13.0
1655c7ba-67e6-11f0-855b-9d1d3a927139,home,bab3e699-5650-11f0-8c0c-5d11459a90d4,Denain,18.0,1.0,1.0,,24.0,34.0,25.0,73.53,PT200M,,93.0,19.0,8.0,42.11,37.0,22.0,59.46,37.0,28.0,9.0,8.0,13.0
1655c7ba-67e6-11f0-855b-9d1d3a927139,away,540e7ec0-5651-11f0-9652-cf49a1c556a9,Nantes,16.0,1.0,1.0,,26.0,20.0,15.0,75.0,PT200M,,86.0,29.0,11.0,37.93,29.0,19.0,65.52,23.0,19.0,4.0,5.0,12.0
165d0b61-67e6-11f0-98bc-9d1d3a927139,home,660581d1-5656-11f0-9c26-e53122149748,Rouen,21.0,0.0,3.0,,18.0,20.0,15.0,75.0,PT200M,,83.0,33.0,12.0,36.36,34.0,16.0,47.06,32.0,21.0,11.0,8.0,12.0
165d0b61-67e6-11f0-98bc-9d1d3a927139,away,74fcb27a-5656-11f0-afef-790204f271a9,Vichy,17.0,3.0,0.0,,20.0,21.0,19.0,90.48,PT200M,,90.0,29.0,13.0,44.83,24.0,16.0,66.67,33.0,30.0,3.0,6.0,16.0
16641cee-67e6-11f0-b4af-9d1d3a927139,home,d8dc7c09-564d-11f0-bfc0-01843dded219,Antibes,13.0,4.0,2.0,,18.0,30.0,24.0,80.0,PT225M,,87.0,24.0,7.0,29.17,43.0,21.0,48.84,44.0,31.0,13.0,7.0,17.0
16641cee-67e6-11f0-b4af-9d1d3a927139,away,ca954dfe-5651-11f0-9c8a-116cf0b4675f,Pau-Lacq-Orthez,22.0,2.0,4.0,,26.0,12.0,11.0,91.67,PT225M,,90.0,26.0,9.0,34.62,51.0,26.0,50.98,35.0,26.0,9.0,11.0,11.0
166b760b-67e6-11f0-ac8f-9d1d3a927139,home,5dd1167c-5656-11f0-b30a-37174fbd761c,Roanne,23.0,5.0,3.0,,23.0,21.0,12.0,57.14,PT200M,,94.0,27.0,12.0,44.44,41.0,23.0,56.1,35.0,25.0,10.0,7.0,11.0
166b760b-67e6-11f0-ac8f-9d1d3a927139,away,d0bde5b3-5651-11f0-ac8b-53657eeba26b,Poitiers,12.0,3.0,5.0,,20.0,28.0,21.0,75.0,PT200M,,75.0,20.0,4.0,20.0,44.0,21.0,47.73,45.0,28.0,17.0,6.0,18.0
1672a004-67e6-11f0-85d0-9d1d3a927139,home,4ca8c586-5651-11f0-ab60-cf49a1c556a9,La Rochelle,21.0,6.0,3.0,,19.0,18.0,12.0,66.67,PT200M,,85.0,27.0,11.0,40.74,38.0,20.0,52.63,37.0,23.0,14.0,10.0,15.0
1672a004-67e6-11f0-85d0-9d1d3a927139,away,454c2924-5651-11f0-aa5c-3fb2943d9a83,Hyères-Toulon,20.0,3.0,5.0,,17.0,18.0,10.0,55.56,PT200M,,79.0,33.0,13.0,39.39,29.0,15.0,51.72,35.0,21.0,14.0,7.0,20.0
1679c2b3-67e6-11f0-8bf1-9d1d3a927139,home,bd884864-564d-11f0-9d32-075d9b5a3600,Aix-Maurienne,23.0,3.0,4.0,,21.0,29.0,20.0,68.97,PT200M,,84.0,17.0,6.0,35.29,40.0,23.0,57.5,43.0,31.0,12.0,9.0,21.0
1679c2b3-67e6-11f0-8bf1-9d1d3a927139,away,c4289b03-5651-11f0-b117-1b2819a7091f,Orléans,14.0,4.0,3.0,,23.0,14.0,10.0,71.43,PT200M,,68.0,33.0,8.0,24.24,37.0,17.0,45.95,36.0,21.0,15.0,15.0,18.0
5a0f5857-67e6-11f0-80e9-79e23488fb37,home,454c2924-5651-11f0-aa5c-3fb2943d9a83,Hyères-Toulon,21.0,5.0,1.0,,19.0,18.0,15.0,83.33,PT200M,,87.0,34.0,16.0,47.06,29.0,12.0,41.38,34.0,24.0,10.0,7.0,11.0
5a0f5857-67e6-11f0-80e9-79e23488fb37,away,d8dc7c09-564d-11f0-bfc0-01843dded219,Antibes,19.0,1.0,5.0,,18.0,21.0,16.0,76.19,PT200M,,76.0,18.0,6.0,33.33,41.0,21.0,51.22,36.0,25.0,11.0,5.0,13.0
59ff298a-67e6-11f0-978a-79e23488fb37,home,a82c5ed3-564f-11f0-9879-b161853c3f42,Châlons-Reims,19.0,4.0,2.0,,24.0,34.0,29.0,85.29,PT200M,,98.0,22.0,9.0,40.91,32.0,21.0,65.62,29.0,25.0,4.0,4.0,11.0
59ff298a-67e6-11f0-978a-79e23488fb37,away,bab3e699-5650-11f0-8c0c-5d11459a90d4,Denain,24.0,2.0,4.0,,27.0,29.0,21.0,72.41,PT199M6S,,93.0,30.0,12.0,40.0,37.0,18.0,48.65,36.0,23.0,13.0,2.0,11.0
59d2c354-67e6-11f0-9859-79e23488fb37,home,021be54f-564e-11f0-af87-53657eeba26b,Blois,16.0,2.0,1.0,,22.0,21.0,11.0,52.38,PT200M,,66.0,21.0,5.0,23.81,39.0,20.0,51.28,38.0,21.0,17.0,4.0,18.0
59d2c354-67e6-11f0-9859-79e23488fb37,away,5dd1167c-5656-11f0-b30a-37174fbd761c,Roanne,21.0,2.0,2.0,,26.0,23.0,15.0,65.22,PT200M,,80.0,23.0,5.0,21.74,39.0,25.0,64.1,36.0,21.0,15.0,12.0,13.0
5a07b037-67e6-11f0-b55b-79e23488fb37,home,c4289b03-5651-11f0-b117-1b2819a7091f,Orléans,14.0,0.0,3.0,,24.0,30.0,25.0,83.33,PT200M,,75.0,36.0,8.0,22.22,33.0,13.0,39.39,40.0,21.0,19.0,19.0,18.0
5a07b037-67e6-11f0-b55b-79e23488fb37,away,cfe8a6ed-5650-11f0-9f71-3bf393eceaf3,Gries-Souffel,20.0,3.0,0.0,,26.0,22.0,15.0,68.18,PT200M,,67.0,18.0,4.0,22.22,32.0,20.0,62.5,38.0,31.0,7.0,11.0,29.0
5a171132-67e6-11f0-a9bc-79e23488fb37,home,540e7ec0-5651-11f0-9652-cf49a1c556a9,Nantes,9.0,1.0,3.0,,21.0,26.0,15.0,57.69,PT200M,,75.0,31.0,8.0,25.81,37.0,18.0,48.65,38.0,23.0,15.0,4.0,10.0
5a171132-67e6-11f0-a9bc-79e23488fb37,away,c64e4f9d-5650-11f0-a83a-db92f4e0ad79,Evreux,18.0,3.0,1.0,,27.0,18.0,12.0,66.67,PT200M,,82.0,20.0,6.0,30.0,42.0,26.0,61.9,38.0,30.0,8.0,5.0,11.0
5a1fd8bc-67e6-11f0-88ca-79e23488fb37,home,d0bde5b3-5651-11f0-ac8b-53657eeba26b,Poitiers,18.0,4.0,1.0,,22.0,26.0,18.0,69.23,PT200M,,90.0,26.0,8.0,30.77,41.0,24.0,58.54,47.0,34.0,13.0,9.0,13.0
5a1fd8bc-67e6-11f0-88ca-79e23488fb37,away,47f9fac8-564f-11f0-bf00-55fec7cade86,Caen,12.0,1.0,4.0,,22.0,19.0,11.0,57.89,PT200M,,65.0,25.0,6.0,24.0,39.0,18.0,46.15,32.0,24.0,8.0,10.0,16.0
59db3372-67e6-11f0-9245-79e23488fb37,home,ca954dfe-5651-11f0-9c8a-116cf0b4675f,Pau-Lacq-Orthez,25.0,4.0,3.0,,20.0,13.0,10.0,76.92,PT200M,,81.0,26.0,9.0,34.62,45.0,22.0,48.89,42.0,25.0,17.0,5.0,16.0
59db3372-67e6-11f0-9245-79e23488fb37,away,4ca8c586-5651-11f0-ab60-cf49a1c556a9,La Rochelle,17.0,3.0,4.0,,17.0,23.0,17.0,73.91,PT200M,,82.0,24.0,7.0,29.17,41.0,22.0,53.66,40.0,25.0,15.0,7.0,13.0
59ee5a34-67e6-11f0-80cd-79e23488fb37,home,12444214-564f-11f0-937d-df51377c0aa2,Challans,17.0,3.0,4.0,,22.0,25.0,15.0,60.0,PT200M,,72.0,19.0,5.0,26.32,40.0,21.0,52.5,29.0,18.0,11.0,10.0,12.0
59ee5a34-67e6-11f0-80cd-79e23488fb37,away,bd884864-564d-11f0-9d32-075d9b5a3600,Aix-Maurienne,24.0,4.0,3.0,,21.0,18.0,13.0,72.22,PT200M,,80.0,24.0,9.0,37.5,33.0,20.0,60.61,36.0,26.0,10.0,3.0,15.0
59f69704-67e6-11f0-876b-79e23488fb37,home,6d6ed8f2-5656-11f0-968b-2571d849cba9,Saint-Chamond-Andrezieux,22.0,3.0,5.0,,22.0,16.0,13.0,81.25,PT200M,,86.0,28.0,7.0,25.0,47.0,26.0,55.32,40.0,26.0,14.0,6.0,11.0
59f69704-67e6-11f0-876b-79e23488fb37,away,660581d1-5656-11f0-9c26-e53122149748,Rouen,21.0,5.0,3.0,,16.0,27.0,22.0,81.48,PT200M,,89.0,32.0,11.0,34.38,34.0,17.0,50.0,40.0,27.0,13.0,2.0,15.0
5a33c8b8-67e6-11f0-94f7-79e23488fb37,home,c64e4f9d-5650-11f0-a83a-db92f4e0ad79,Evreux,17.0,3.0,4.0,,29.0,23.0,14.0,60.87,PT225M,,85.0,23.0,9.0,39.13,47.0,22.0,46.81,45.0,29.0,16.0,9.0,24.0
5a33c8b8-67e6-11f0-94f7-79e23488fb37,away,d0bde5b3-5651-11f0-ac8b-53657eeba26b,Poitiers,14.0,4.0,3.0,,26.0,31.0,22.0,70.97,PT225M,,80.0,22.0,6.0,27.27,44.0,20.0,45.45,42.0,27.0,15.0,9.0,25.0
5a3bf189-67e6-11f0-b324-79e23488fb37,home,bab3e699-5650-11f0-8c0c-5d11459a90d4,Denain,25.0,4.0,3.0,,18.0,18.0,13.0,72.22,PT200M,,98.0,30.0,15.0,50.0,39.0,20.0,51.28,33.0,17.0,16.0,6.0,16.0
5a3bf189-67e6-11f0-b324-79e23488fb37,away,ca954dfe-5651-11f0-9c8a-116cf0b4675f,Pau-Lacq-Orthez,27.0,3.0,4.0,,24.0,22.0,16.0,72.73,PT200M,,94.0,19.0,6.0,31.58,42.0,30.0,71.43,28.0,18.0,10.0,8.0,15.0
5a53d8d4-67e6-11f0-be69-79e23488fb37,home,bd884864-564d-11f0-9d32-075d9b5a3600,Aix-Maurienne,22.0,4.0,2.0,,17.0,22.0,17.0,77.27,PT200M,,86.0,27.0,9.0,33.33,41.0,21.0,51.22,36.0,23.0,13.0,13.0,12.0
5a53d8d4-67e6-11f0-be69-79e23488fb37,away,a82c5ed3-564f-11f0-9879-b161853c3f42,Châlons-Reims,24.0,2.0,4.0,,19.0,19.0,14.0,73.68,PT200M,,75.0,25.0,9.0,36.0,35.0,17.0,48.57,37.0,27.0,10.0,7.0,19.0
5a5ba1a6-67e6-11f0-bebb-79e23488fb37,home,47f9fac8-564f-11f0-bf00-55fec7cade86,Caen,18.0,1.0,2.0,,21.0,29.0,18.0,62.07,PT200M,,78.0,29.0,8.0,27.59,31.0,18.0,58.06,39.0,28.0,11.0,9.0,15.0
5a5ba1a6-67e6-11f0-bebb-79e23488fb37,away,12444214-564f-11f0-937d-df51377c0aa2,Challans,17.0,2.0,0.0,,23.0,29.0,23.0,79.31,PT200M,,76.0,27.0,9.0,33.33,27.0,13.0,48.15,35.0,28.0,7.0,10.0,15.0
5a631120-67e6-11f0-8f93-79e23488fb37,home,660581d1-5656-11f0-9c26-e53122149748,Rouen,24.0,2.0,3.0,,13.0,20.0,15.0,75.0,PT200M,,82.0,29.0,9.0,31.03,35.0,20.0,57.14,33.0,25.0,8.0,10.0,16.0
5a631120-67e6-11f0-8f93-79e23488fb37,away,454c2924-5651-11f0-aa5c-3fb2943d9a83,Hyères-Toulon,23.0,3.0,2.0,,21.0,9.0,7.0,77.78,PT200M,,99.0,24.0,14.0,58.33,43.0,25.0,58.14,34.0,30.0,4.0,8.0,11.0
5a6b0a98-67e6-11f0-b5ed-79e23488fb37,home,5dd1167c-5656-11f0-b30a-37174fbd761c,Roanne,18.0,6.0,2.0,,19.0,22.0,19.0,86.36,PT200M,,85.0,30.0,10.0,33.33,33.0,18.0,54.55,33.0,26.0,7.0,10.0,13.0
5a6b0a98-67e6-11f0-b5ed-79e23488fb37,away,6d6ed8f2-5656-11f0-968b-2571d849cba9,Saint-Chamond-Andrezieux,12.0,2.0,6.0,,22.0,19.0,17.0,89.47,PT200M,,80.0,16.0,7.0,43.75,40.0,21.0,52.5,32.0,29.0,3.0,6.0,18.0
5a4c2dc1-67e6-11f0-9090-79e23488fb37,home,d67f9f42-5651-11f0-af2c-1b2819a7091f,Quimper,26.0,3.0,3.0,,19.0,18.0,15.0,83.33,PT200M,,76.0,30.0,11.0,36.67,20.0,14.0,70.0,35.0,32.0,3.0,3.0,15.0
5a4c2dc1-67e6-11f0-9090-79e23488fb37,away,540e7ec0-5651-11f0-9652-cf49a1c556a9,Nantes,11.0,3.0,3.0,,19.0,18.0,11.0,61.11,PT200M,,71.0,30.0,10.0,33.33,39.0,15.0,38.46,38.0,22.0,16.0,4.0,10.0
5a293027-67e6-11f0-b221-79e23488fb37,home,c4289b03-5651-11f0-b117-1b2819a7091f,Orléans,22.0,2.0,4.0,,30.0,27.0,20.0,74.07,PT200M,,75.0,21.0,5.0,23.81,33.0,20.0,60.61,33.0,23.0,10.0,7.0,17.0
5a293027-67e6-11f0-b221-79e23488fb37,away,021be54f-564e-11f0-af87-53657eeba26b,Blois,18.0,4.0,2.0,,21.0,35.0,22.0,62.86,PT200M,,90.0,22.0,6.0,27.27,42.0,25.0,59.52,40.0,24.0,16.0,6.0,11.0
5a735404-67e6-11f0-b69a-79e23488fb37,home,4ca8c586-5651-11f0-ab60-cf49a1c556a9,La Rochelle,20.0,1.0,4.0,,18.0,27.0,16.0,59.26,PT200M,,78.0,28.0,8.0,28.57,36.0,19.0,52.78,31.0,20.0,11.0,13.0,15.0
5a735404-67e6-11f0-b69a-79e23488fb37,away,74fcb27a-5656-11f0-afef-790204f271a9,Vichy,23.0,4.0,1.0,,24.0,16.0,12.0,75.0,PT200M,,76.0,29.0,8.0,27.59,33.0,20.0,60.61,42.0,29.0,13.0,7.0,25.0
5a7b9372-67e6-11f0-8fb0-79e23488fb37,home,d0bde5b3-5651-11f0-ac8b-53657eeba26b,Poitiers,23.0,6.0,1.0,,17.0,25.0,15.0,60.0,PT200M,,100.0,31.0,15.0,48.39,27.0,20.0,74.07,39.0,27.0,12.0,4.0,16.0
5a7b9372-67e6-11f0-8fb0-79e23488fb37,away,cfe8a6ed-5650-11f0-9f71-3bf393eceaf3,Gries-Souffel,17.0,1.0,4.0,,18.0,14.0,10.0,71.43,PT200M,,87.0,23.0,9.0,39.13,44.0,25.0,56.82,23.0,14.0,9.0,11.0,8.0
5a8362b0-67e6-11f0-b632-79e23488fb37,home,540e7ec0-5651-11f0-9652-cf49a1c556a9,Nantes,18.0,0.0,4.0,,24.0,37.0,31.0,83.78,PT200M,,91.0,22.0,12.0,54.55,23.0,12.0,52.17,31.0,26.0,5.0,6.0,15.0
5a8362b0-67e6-11f0-b632-79e23488fb37,away,021be54f-564e-11f0-af87-53657eeba26b,Blois,21.0,4.0,0.0,,29.0,26.0,16.0,61.54,PT199M47S,,77.0,29.0,9.0,31.03,36.0,17.0,47.22,32.0,18.0,14.0,8.0,10.0
5a9248d5-67e6-11f0-9f95-79e23488fb37,home,bd884864-564d-11f0-9d32-075d9b5a3600,Aix-Maurienne,21.0,5.0,5.0,,22.0,28.0,19.0,67.86,PT200M,,92.0,23.0,9.0,39.13,42.0,23.0,54.76,48.0,33.0,15.0,4.0,11.0
5a9248d5-67e6-11f0-9f95-79e23488fb37,away,660581d1-5656-11f0-9c26-e53122149748,Rouen,21.0,5.0,5.0,,23.0,22.0,14.0,63.64,PT200M,,75.0,33.0,9.0,27.27,37.0,17.0,45.95,39.0,23.0,16.0,7.0,7.0
5a9a2cf0-67e6-11f0-8f17-79e23488fb37,home,a82c5ed3-564f-11f0-9879-b161853c3f42,Châlons-Reims,18.0,1.0,2.0,,16.0,31.0,27.0,87.1,PT200M,,90.0,24.0,9.0,37.5,35.0,18.0,51.43,36.0,24.0,12.0,6.0,10.0
5a9a2cf0-67e6-11f0-8f17-79e23488fb37,away,47f9fac8-564f-11f0-bf00-55fec7cade86,Caen,19.0,2.0,1.0,,24.0,19.0,15.0,78.95,PT200M,,71.0,23.0,6.0,26.09,36.0,19.0,52.78,31.0,21.0,10.0,6.0,12.0
5ab15997-67e6-11f0-b425-79e23488fb37,home,d67f9f42-5651-11f0-af2c-1b2819a7091f,Quimper,25.0,4.0,6.0,,21.0,12.0,8.0,66.67,PT200M,,94.0,34.0,16.0,47.06,37.0,19.0,51.35,41.0,29.0,12.0,3.0,14.0
5ab15997-67e6-11f0-b425-79e23488fb37,away,454c2924-5651-11f0-aa5c-3fb2943d9a83,Hyères-Toulon,26.0,6.0,3.0,,19.0,25.0,19.0,76.0,PT200M,,108.0,32.0,17.0,53.12,32.0,19.0,59.38,31.0,27.0,4.0,6.0,8.0
5ab975fb-67e6-11f0-97fc-79e23488fb37,home,c64e4f9d-5650-11f0-a83a-db92f4e0ad79,Evreux,17.0,1.0,4.0,,27.0,29.0,16.0,55.17,PT200M,,77.0,25.0,9.0,36.0,35.0,17.0,48.57,43.0,30.0,13.0,7.0,18.0
5ab975fb-67e6-11f0-97fc-79e23488fb37,away,4ca8c586-5651-11f0-ab60-cf49a1c556a9,La Rochelle,15.0,4.0,1.0,,27.0,23.0,13.0,56.52,PT200M,,70.0,19.0,7.0,36.84,39.0,18.0,46.15,33.0,26.0,7.0,9.0,17.0
5aa1b17d-67e6-11f0-a18a-79e23488fb37,home,6d6ed8f2-5656-11f0-968b-2571d849cba9,Saint-Chamond-Andrezieux,14.0,2.0,1.0,,26.0,29.0,23.0,79.31,PT200M,,79.0,22.0,4.0,18.18,44.0,22.0,50.0,57.0,33.0,24.0,3.0,17.0
5aa1b17d-67e6-11f0-a18a-79e23488fb37,away,c4289b03-5651-11f0-b117-1b2819a7091f,Orléans,13.0,1.0,2.0,,27.0,21.0,11.0,52.38,PT200M,,67.0,23.0,6.0,26.09,43.0,19.0,44.19,33.0,19.0,14.0,6.0,10.0
5aa95d75-67e6-11f0-a7f1-79e23488fb37,home,12444214-564f-11f0-937d-df51377c0aa2,Challans,21.0,0.0,2.0,,19.0,18.0,11.0,61.11,PT200M,,66.0,27.0,7.0,25.93,29.0,17.0,58.62,31.0,23.0,8.0,8.0,18.0
5aa95d75-67e6-11f0-a7f1-79e23488fb37,away,74fcb27a-5656-11f0-afef-790204f271a9,Vichy,19.0,2.0,0.0,,18.0,22.0,17.0,77.27,PT200M,,79.0,26.0,10.0,38.46,38.0,16.0,42.11,43.0,28.0,15.0,7.0,12.0
5adff4a9-67e6-11f0-9525-79e23488fb37,home,660581d1-5656-11f0-9c26-e53122149748,Rouen,20.0,0.0,3.0,,20.0,30.0,22.0,73.33,PT200M,,78.0,25.0,8.0,32.0,26.0,16.0,61.54,26.0,15.0,11.0,8.0,19.0
5adff4a9-67e6-11f0-9525-79e23488fb37,away,ca954dfe-5651-11f0-9c8a-116cf0b4675f,Pau-Lacq-Orthez,21.0,3.0,0.0,,24.0,12.0,9.0,75.0,PT200M,,91.0,26.0,12.0,46.15,34.0,23.0,67.65,31.0,20.0,11.0,7.0,20.0
5ae749f5-67e6-11f0-af2c-79e23488fb37,home,bab3e699-5650-11f0-8c0c-5d11459a90d4,Denain,18.0,2.0,4.0,,19.0,36.0,22.0,61.11,PT200M,,83.0,25.0,7.0,28.0,35.0,20.0,57.14,50.0,38.0,12.0,5.0,15.0
5ae749f5-67e6-11f0-af2c-79e23488fb37,away,d0bde5b3-5651-11f0-ac8b-53657eeba26b,Poitiers,17.0,5.0,2.0,,27.0,23.0,14.0,60.87,PT200M,,86.0,26.0,10.0,38.46,43.0,21.0,48.84,36.0,28.0,8.0,7.0,9.0
5af619bb-67e6-11f0-adb4-79e23488fb37,home,454c2924-5651-11f0-aa5c-3fb2943d9a83,Hyères-Toulon,20.0,7.0,2.0,,17.0,10.0,8.0,80.0,PT200M,,98.0,30.0,16.0,53.33,36.0,21.0,58.33,31.0,26.0,5.0,6.0,13.0
5af619bb-67e6-11f0-adb4-79e23488fb37,away,12444214-564f-11f0-937d-df51377c0aa2,Challans,21.0,2.0,7.0,,17.0,19.0,15.0,78.95,PT200M,,95.0,33.0,10.0,30.3,47.0,25.0,53.19,46.0,25.0,21.0,8.0,13.0
5afd5ce8-67e6-11f0-8e86-79e23488fb37,home,021be54f-564e-11f0-af87-53657eeba26b,Blois,17.0,3.0,3.0,,25.0,17.0,11.0,64.71,PT200M,,76.0,29.0,7.0,24.14,47.0,22.0,46.81,38.0,23.0,15.0,13.0,9.0
5afd5ce8-67e6-11f0-8e86-79e23488fb37,away,a82c5ed3-564f-11f0-9879-b161853c3f42,Châlons-Reims,15.0,3.0,3.0,,20.0,38.0,28.0,73.68,PT200M,,78.0,24.0,6.0,25.0,34.0,16.0,47.06,51.0,35.0,16.0,6.0,18.0
5b0541c6-67e6-11f0-873e-79e23488fb37,home,47f9fac8-564f-11f0-bf00-55fec7cade86,Caen,19.0,1.0,1.0,,20.0,21.0,14.0,66.67,PT200M,,82.0,27.0,10.0,37.04,37.0,19.0,51.35,34.0,18.0,16.0,6.0,12.0
5b0541c6-67e6-11f0-873e-79e23488fb37,away,c64e4f9d-5650-11f0-a83a-db92f4e0ad79,Evreux,17.0,1.0,1.0,,22.0,26.0,19.0,73.08,PT200M,,79.0,24.0,8.0,33.33,28.0,18.0,64.29,32.0,22.0,10.0,4.0,15.0
5ad89d8a-67e6-11f0-b2c9-79e23488fb37,home,d8dc7c09-564d-11f0-bfc0-01843dded219,Antibes,18.0,3.0,6.0,,17.0,18.0,14.0,77.78,PT200M,,77.0,16.0,7.0,43.75,50.0,21.0,42.0,34.0,25.0,9.0,8.0,10.0
5ad89d8a-67e6-11f0-b2c9-79e23488fb37,away,6d6ed8f2-5656-11f0-968b-2571d849cba9,Saint-Chamond-Andrezieux,20.0,6.0,3.0,,20.0,20.0,12.0,60.0,PT200M,,69.0,18.0,3.0,16.67,45.0,24.0,53.33,46.0,32.0,14.0,8.0,16.0
5aeeb041-67e6-11f0-b3f7-79e23488fb37,home,74fcb27a-5656-11f0-afef-790204f271a9,Vichy,21.0,4.0,0.0,,23.0,25.0,18.0,72.0,PT225M,,94.0,30.0,12.0,40.0,36.0,20.0,55.56,39.0,31.0,8.0,7.0,19.0
5aeeb041-67e6-11f0-b3f7-79e23488fb37,away,5dd1167c-5656-11f0-b30a-37174fbd761c,Roanne,23.0,0.0,3.0,,23.0,28.0,26.0,92.86,PT225M,,98.0,32.0,14.0,43.75,33.0,15.0,45.45,29.0,25.0,4.0,10.0,11.0
5b0d5dbd-67e6-11f0-accf-79e23488fb37,home,cfe8a6ed-5650-11f0-9f71-3bf393eceaf3,Gries-Souffel,16.0,1.0,0.0,,20.0,13.0,10.0,76.92,PT200M,,80.0,24.0,8.0,33.33,39.0,23.0,58.97,22.0,17.0,5.0,8.0,11.0
5b0d5dbd-67e6-11f0-accf-79e23488fb37,away,540e7ec0-5651-11f0-9652-cf49a1c556a9,Nantes,25.0,0.0,1.0,,17.0,27.0,23.0,85.19,PT199M59S,,96.0,22.0,9.0,40.91,40.0,23.0,57.5,43.0,28.0,15.0,6.0,13.0
5b31dcb6-67e6-11f0-bc21-79e23488fb37,home,bd884864-564d-11f0-9d32-075d9b5a3600,Aix-Maurienne,34.0,6.0,1.0,,17.0,24.0,20.0,83.33,PT200M,,113.0,27.0,13.0,48.15,39.0,27.0,69.23,35.0,28.0,7.0,7.0,8.0
5b31dcb6-67e6-11f0-bc21-79e23488fb37,away,454c2924-5651-11f0-aa5c-3fb2943d9a83,Hyères-Toulon,16.0,1.0,6.0,,21.0,21.0,17.0,80.95,PT200M,,87.0,33.0,16.0,48.48,30.0,11.0,36.67,27.0,19.0,8.0,1.0,11.0
5b48b5f0-67e6-11f0-904d-79e23488fb37,home,a82c5ed3-564f-11f0-9879-b161853c3f42,Châlons-Reims,13.0,6.0,3.0,,25.0,25.0,18.0,72.0,PT200M,,74.0,26.0,6.0,23.08,39.0,19.0,48.72,41.0,27.0,14.0,7.0,16.0
5b48b5f0-67e6-11f0-904d-79e23488fb37,away,660581d1-5656-11f0-9c26-e53122149748,Rouen,13.0,3.0,6.0,,24.0,32.0,26.0,81.25,PT200M,,76.0,32.0,8.0,25.0,36.0,13.0,36.11,53.0,29.0,24.0,10.0,16.0
5b4ff397-67e6-11f0-ab5d-79e23488fb37,home,d0bde5b3-5651-11f0-ac8b-53657eeba26b,Poitiers,15.0,4.0,4.0,,22.0,21.0,14.0,66.67,PT225M,,77.0,24.0,5.0,20.83,49.0,24.0,48.98,55.0,39.0,16.0,5.0,16.0
5b4ff397-67e6-11f0-ab5d-79e23488fb37,away,021be54f-564e-11f0-af87-53657eeba26b,Blois,17.0,4.0,4.0,,20.0,23.0,16.0,69.57,PT225M,,79.0,26.0,5.0,19.23,59.0,24.0,40.68,55.0,35.0,20.0,9.0,7.0
5b571f23-67e6-11f0-a221-79e23488fb37,home,5dd1167c-5656-11f0-b30a-37174fbd761c,Roanne,22.0,5.0,4.0,,26.0,19.0,14.0,73.68,PT199M2S,,83.0,25.0,9.0,36.0,40.0,21.0,52.5,32.0,22.0,10.0,13.0,10.0
5b571f23-67e6-11f0-a221-79e23488fb37,away,4ca8c586-5651-11f0-ab60-cf49a1c556a9,La Rochelle,13.0,4.0,5.0,,22.0,29.0,24.0,82.76,PT200M,,72.0,18.0,6.0,33.33,36.0,15.0,41.67,41.0,28.0,13.0,4.0,20.0
5b1be783-67e6-11f0-8e45-79e23488fb37,home,cfe8a6ed-5650-11f0-9f71-3bf393eceaf3,Gries-Souffel,25.0,4.0,1.0,,20.0,21.0,14.0,66.67,PT196M14S,,103.0,29.0,11.0,37.93,38.0,28.0,73.68,46.0,33.0,13.0,6.0,10.0
5b1be783-67e6-11f0-8e45-79e23488fb37,away,d67f9f42-5651-11f0-af2c-1b2819a7091f,Quimper,23.0,1.0,4.0,,21.0,20.0,12.0,60.0,PT200M,,79.0,25.0,9.0,36.0,40.0,20.0,50.0,24.0,19.0,5.0,6.0,8.0
5b2364b0-67e6-11f0-9e36-79e23488fb37,home,6d6ed8f2-5656-11f0-968b-2571d849cba9,Saint-Chamond-Andrezieux,18.0,1.0,6.0,,26.0,27.0,17.0,62.96,PT200M,,74.0,25.0,5.0,20.0,43.0,21.0,48.84,36.0,21.0,15.0,8.0,10.0
5b2364b0-67e6-11f0-9e36-79e23488fb37,away,74fcb27a-5656-11f0-afef-790204f271a9,Vichy,21.0,6.0,1.0,,27.0,28.0,17.0,60.71,PT200M,,79.0,25.0,8.0,32.0,34.0,19.0,55.88,47.0,31.0,16.0,3.0,16.0
5b2a8bdb-67e6-11f0-8981-79e23488fb37,home,ca954dfe-5651-11f0-9c8a-116cf0b4675f,Pau-Lacq-Orthez,21.0,8.0,0.0,,21.0,25.0,15.0,60.0,PT200M,,90.0,24.0,9.0,37.5,31.0,24.0,77.42,41.0,34.0,7.0,4.0,17.0
5b2a8bdb-67e6-11f0-8981-79e23488fb37,away,47f9fac8-564f-11f0-bf00-55fec7cade86,Caen,13.0,1.0,8.0,,17.0,19.0,16.0,84.21,PT200M,,54.0,32.0,4.0,12.5,38.0,13.0,34.21,37.0,19.0,18.0,8.0,17.0
5b39d783-67e6-11f0-a4f9-79e23488fb37,home,12444214-564f-11f0-937d-df51377c0aa2,Challans,15.0,2.0,6.0,,22.0,9.0,3.0,33.33,PT201M17S,,67.0,25.0,4.0,16.0,43.0,26.0,60.47,37.0,23.0,14.0,7.0,18.0
5b39d783-67e6-11f0-a4f9-79e23488fb37,away,d8dc7c09-564d-11f0-bfc0-01843dded219,Antibes,20.0,6.0,2.0,,15.0,26.0,22.0,84.62,PT215M47S,,91.0,29.0,11.0,37.93,40.0,18.0,45.0,44.0,28.0,16.0,11.0,15.0
5b990024-67e6-11f0-bc03-79e23488fb37,home,660581d1-5656-11f0-9c26-e53122149748,Rouen,17.0,0.0,3.0,,25.0,31.0,19.0,61.29,PT200M,,73.0,23.0,4.0,17.39,46.0,21.0,45.65,46.0,25.0,21.0,5.0,16.0
5b990024-67e6-11f0-bc03-79e23488fb37,away,5dd1167c-5656-11f0-b30a-37174fbd761c,Roanne,23.0,3.0,0.0,,25.0,32.0,27.0,84.38,PT200M,,101.0,26.0,12.0,46.15,41.0,19.0,46.34,41.0,30.0,11.0,10.0,9.0
5b5e5d3e-67e6-11f0-8117-79e23488fb37,home,a82c5ed3-564f-11f0-9879-b161853c3f42,Châlons-Reims,21.0,1.0,3.0,,18.0,15.0,11.0,73.33,PT200M,,83.0,27.0,8.0,29.63,37.0,24.0,64.86,30.0,20.0,10.0,5.0,12.0
5b5e5d3e-67e6-11f0-8117-79e23488fb37,away,cfe8a6ed-5650-11f0-9f71-3bf393eceaf3,Gries-Souffel,22.0,3.0,1.0,,18.0,23.0,17.0,73.91,PT200M,,89.0,20.0,8.0,40.0,39.0,24.0,61.54,31.0,22.0,9.0,6.0,8.0
5b73ee55-67e6-11f0-8617-79e23488fb37,home,bab3e699-5650-11f0-8c0c-5d11459a90d4,Denain,16.0,1.0,2.0,,17.0,27.0,17.0,62.96,PT200M,,93.0,24.0,8.0,33.33,44.0,26.0,59.09,46.0,26.0,20.0,5.0,11.0
5b73ee55-67e6-11f0-8617-79e23488fb37,away,12444214-564f-11f0-937d-df51377c0aa2,Challans,14.0,2.0,1.0,,24.0,18.0,11.0,61.11,PT200M,,83.0,28.0,6.0,21.43,40.0,27.0,67.5,30.0,18.0,12.0,5.0,11.0
5ba0850c-67e6-11f0-9dae-79e23488fb37,home,d67f9f42-5651-11f0-af2c-1b2819a7091f,Quimper,16.0,0.0,2.0,,20.0,18.0,16.0,88.89,PT200M,,79.0,25.0,7.0,28.0,30.0,21.0,70.0,25.0,19.0,6.0,4.0,13.0
5ba0850c-67e6-11f0-9dae-79e23488fb37,away,ca954dfe-5651-11f0-9c8a-116cf0b4675f,Pau-Lacq-Orthez,30.0,3.0,0.0,,24.0,22.0,18.0,81.82,PT200M,,85.0,28.0,9.0,32.14,30.0,20.0,66.67,35.0,23.0,12.0,5.0,13.0
5b6565c4-67e6-11f0-8bb0-79e23488fb37,home,4ca8c586-5651-11f0-ab60-cf49a1c556a9,La Rochelle,11.0,2.0,4.0,,17.0,29.0,18.0,62.07,PT200M,,63.0,18.0,3.0,16.67,39.0,18.0,46.15,31.0,21.0,10.0,7.0,10.0
5b6565c4-67e6-11f0-8bb0-79e23488fb37,away,d0bde5b3-5651-11f0-ac8b-53657eeba26b,Poitiers,20.0,4.0,2.0,,23.0,10.0,7.0,70.0,PT200M,,78.0,26.0,7.0,26.92,43.0,25.0,58.14,46.0,30.0,16.0,7.0,14.0
5b7b11ec-67e6-11f0-95b8-79e23488fb37,home,d8dc7c09-564d-11f0-bfc0-01843dded219,Antibes,12.0,1.0,3.0,,28.0,27.0,19.0,70.37,PT200M,,72.0,23.0,5.0,21.74,44.0,19.0,43.18,32.0,17.0,15.0,6.0,11.0
5b7b11ec-67e6-11f0-95b8-79e23488fb37,away,bd884864-564d-11f0-9d32-075d9b5a3600,Aix-Maurienne,16.0,3.0,1.0,,24.0,34.0,21.0,61.76,PT200M,,90.0,20.0,5.0,25.0,38.0,27.0,71.05,46.0,30.0,16.0,4.0,17.0
5b8275b9-67e6-11f0-bae5-79e23488fb37,home,6d6ed8f2-5656-11f0-968b-2571d849cba9,Saint-Chamond-Andrezieux,18.0,2.0,3.0,,26.0,27.0,21.0,77.78,PT200M,,95.0,15.0,8.0,53.33,49.0,25.0,51.02,42.0,29.0,13.0,7.0,13.0
5b8275b9-67e6-11f0-bae5-79e23488fb37,away,c64e4f9d-5650-11f0-a83a-db92f4e0ad79,Evreux,17.0,4.0,2.0,,24.0,33.0,19.0,57.58,PT200M,,68.0,13.0,5.0,38.46,40.0,17.0,42.5,29.0,22.0,7.0,3.0,14.0
5b918f21-67e6-11f0-a056-79e23488fb37,home,74fcb27a-5656-11f0-afef-790204f271a9,Vichy,24.0,5.0,1.0,,17.0,24.0,20.0,83.33,PT200M,,90.0,36.0,14.0,38.89,29.0,14.0,48.28,37.0,22.0,15.0,8.0,14.0
5b918f21-67e6-11f0-a056-79e23488fb37,away,47f9fac8-564f-11f0-bf00-55fec7cade86,Caen,18.0,1.0,5.0,,25.0,20.0,17.0,85.0,PT200M,,86.0,25.0,13.0,52.0,27.0,15.0,55.56,24.0,21.0,3.0,6.0,14.0
5b6ca5f1-67e6-11f0-8d21-79e23488fb37,home,c4289b03-5651-11f0-b117-1b2819a7091f,Orléans,27.0,0.0,2.0,,29.0,22.0,19.0,86.36,PT200M,,105.0,35.0,14.0,40.0,34.0,22.0,64.71,30.0,20.0,10.0,12.0,12.0
5b6ca5f1-67e6-11f0-8d21-79e23488fb37,away,540e7ec0-5651-11f0-9652-cf49a1c556a9,Nantes,23.0,2.0,0.0,,20.0,30.0,27.0,90.0,PT200M,,95.0,23.0,8.0,34.78,35.0,22.0,62.86,33.0,23.0,10.0,7.0,17.0
5b89f37b-67e6-11f0-b41e-79e23488fb37,home,021be54f-564e-11f0-af87-53657eeba26b,Blois,23.0,2.0,1.0,,29.0,25.0,15.0,60.0,PT200M,,86.0,15.0,7.0,46.67,40.0,25.0,62.5,34.0,26.0,8.0,6.0,16.0
5b89f37b-67e6-11f0-b41e-79e23488fb37,away,454c2924-5651-11f0-aa5c-3fb2943d9a83,Hyères-Toulon,15.0,1.0,2.0,,24.0,26.0,20.0,76.92,PT200M,,81.0,27.0,11.0,40.74,32.0,14.0,43.75,28.0,19.0,9.0,10.0,14.0
5c2e2661-67e6-11f0-9786-79e23488fb37,home,454c2924-5651-11f0-aa5c-3fb2943d9a83,Hyères-Toulon,15.0,1.0,6.0,,18.0,6.0,5.0,83.33,PT200M,,77.0,38.0,14.0,36.84,36.0,15.0,41.67,35.0,18.0,17.0,6.0,10.0
5c2e2661-67e6-11f0-9786-79e23488fb37,away,4ca8c586-5651-11f0-ab60-cf49a1c556a9,La Rochelle,25.0,6.0,1.0,,16.0,22.0,17.0,77.27,PT200M,,83.0,17.0,8.0,47.06,38.0,21.0,55.26,36.0,26.0,10.0,5.0,12.0
5baf450c-67e6-11f0-9611-79e23488fb37,home,bd884864-564d-11f0-9d32-075d9b5a3600,Aix-Maurienne,26.0,4.0,2.0,,15.0,17.0,14.0,82.35,PT200M,,105.0,31.0,15.0,48.39,40.0,23.0,57.5,42.0,26.0,16.0,12.0,13.0
5baf450c-67e6-11f0-9611-79e23488fb37,away,d67f9f42-5651-11f0-af2c-1b2819a7091f,Quimper,16.0,2.0,4.0,,17.0,16.0,12.0,75.0,PT200M,,66.0,18.0,6.0,33.33,37.0,18.0,48.65,24.0,19.0,5.0,8.0,21.0
5ba7d448-67e6-11f0-a71c-79e23488fb37,home,540e7ec0-5651-11f0-9652-cf49a1c556a9,Nantes,24.0,5.0,4.0,,29.0,32.0,23.0,71.88,PT200M,,107.0,27.0,12.0,44.44,41.0,24.0,58.54,45.0,36.0,9.0,6.0,18.0
5ba7d448-67e6-11f0-a71c-79e23488fb37,away,660581d1-5656-11f0-9c26-e53122149748,Rouen,18.0,4.0,5.0,,25.0,31.0,22.0,70.97,PT200M,,85.0,27.0,7.0,25.93,47.0,21.0,44.68,39.0,25.0,14.0,8.0,16.0
5bbe9c00-67e6-11f0-8016-79e23488fb37,home,d0bde5b3-5651-11f0-ac8b-53657eeba26b,Poitiers,19.0,4.0,0.0,,28.0,24.0,15.0,62.5,PT200M,,81.0,26.0,10.0,38.46,43.0,18.0,41.86,39.0,27.0,12.0,5.0,8.0
5bbe9c00-67e6-11f0-8016-79e23488fb37,away,6d6ed8f2-5656-11f0-968b-2571d849cba9,Saint-Chamond-Andrezieux,14.0,0.0,4.0,,26.0,44.0,34.0,77.27,PT200M,,69.0,24.0,5.0,20.83,32.0,10.0,31.25,50.0,35.0,15.0,4.0,16.0
5bc652da-67e6-11f0-b7f0-79e23488fb37,home,454c2924-5651-11f0-aa5c-3fb2943d9a83,Hyères-Toulon,13.0,4.0,1.0,,20.0,21.0,19.0,90.48,PT200M,,83.0,26.0,10.0,38.46,30.0,17.0,56.67,33.0,24.0,9.0,4.0,12.0
5bc652da-67e6-11f0-b7f0-79e23488fb37,away,ca954dfe-5651-11f0-9c8a-116cf0b4675f,Pau-Lacq-Orthez,22.0,1.0,4.0,,19.0,21.0,14.0,66.67,PT200M,,80.0,23.0,8.0,34.78,41.0,21.0,51.22,34.0,20.0,14.0,8.0,9.0
5bd51f1e-67e6-11f0-8c48-79e23488fb37,home,5dd1167c-5656-11f0-b30a-37174fbd761c,Roanne,20.0,3.0,2.0,,22.0,30.0,26.0,86.67,PT200M,,89.0,24.0,9.0,37.5,38.0,18.0,47.37,27.0,18.0,9.0,8.0,9.0
5bd51f1e-67e6-11f0-8c48-79e23488fb37,away,bab3e699-5650-11f0-8c0c-5d11459a90d4,Denain,14.0,2.0,3.0,,29.0,26.0,20.0,76.92,PT200M,,83.0,23.0,7.0,30.43,39.0,21.0,53.85,44.0,26.0,18.0,5.0,18.0
5bdca8fc-67e6-11f0-bc52-79e23488fb37,home,47f9fac8-564f-11f0-bf00-55fec7cade86,Caen,22.0,3.0,1.0,,29.0,20.0,16.0,80.0,PT200M,,70.0,23.0,6.0,26.09,34.0,18.0,52.94,33.0,22.0,11.0,5.0,18.0
5bdca8fc-67e6-11f0-bc52-79e23488fb37,away,c4289b03-5651-11f0-b117-1b2819a7091f,Orléans,14.0,1.0,3.0,,25.0,30.0,25.0,83.33,PT200M,,78.0,21.0,3.0,14.29,42.0,22.0,52.38,40.0,23.0,17.0,10.0,11.0
5bebbbbb-67e6-11f0-b283-79e23488fb37,home,c64e4f9d-5650-11f0-a83a-db92f4e0ad79,Evreux,17.0,2.0,1.0,,24.0,26.0,17.0,65.38,PT200M,,75.0,26.0,10.0,38.46,37.0,14.0,37.84,38.0,21.0,17.0,11.0,16.0
5bebbbbb-67e6-11f0-b283-79e23488fb37,away,74fcb27a-5656-11f0-afef-790204f271a9,Vichy,9.0,1.0,2.0,,20.0,30.0,23.0,76.67,PT200M,,72.0,20.0,5.0,25.0,30.0,17.0,56.67,32.0,23.0,9.0,11.0,19.0
5bb6fd94-67e6-11f0-8979-79e23488fb37,home,cfe8a6ed-5650-11f0-9f71-3bf393eceaf3,Gries-Souffel,21.0,6.0,2.0,,26.0,27.0,16.0,59.26,PT200M,,97.0,24.0,9.0,37.5,52.0,27.0,51.92,40.0,25.0,15.0,6.0,14.0
5bb6fd94-67e6-11f0-8979-79e23488fb37,away,4ca8c586-5651-11f0-ab60-cf49a1c556a9,La Rochelle,18.0,2.0,6.0,,27.0,34.0,21.0,61.76,PT200M,,89.0,27.0,12.0,44.44,31.0,16.0,51.61,36.0,28.0,8.0,6.0,16.0
5bcdeb04-67e6-11f0-8775-79e23488fb37,home,d8dc7c09-564d-11f0-bfc0-01843dded219,Antibes,18.0,0.0,0.0,,26.0,22.0,16.0,72.73,PT200M,,81.0,23.0,9.0,39.13,36.0,19.0,52.78,36.0,30.0,6.0,6.0,8.0
5bcdeb04-67e6-11f0-8775-79e23488fb37,away,021be54f-564e-11f0-af87-53657eeba26b,Blois,13.0,0.0,0.0,,21.0,23.0,15.0,65.22,PT200M,,71.0,28.0,6.0,21.43,34.0,19.0,55.88,36.0,27.0,9.0,2.0,12.0
5be42df5-67e6-11f0-ad56-79e23488fb37,home,12444214-564f-11f0-937d-df51377c0aa2,Challans,15.0,6.0,1.0,,20.0,29.0,22.0,75.86,PT200M,,90.0,23.0,10.0,43.48,36.0,19.0,52.78,32.0,24.0,8.0,9.0,10.0
5be42df5-67e6-11f0-ad56-79e23488fb37,away,a82c5ed3-564f-11f0-9879-b161853c3f42,Châlons-Reims,20.0,1.0,6.0,,21.0,20.0,15.0,75.0,PT200M,,79.0,28.0,10.0,35.71,34.0,17.0,50.0,38.0,26.0,12.0,5.0,14.0
5bf312c3-67e6-11f0-a7de-79e23488fb37,home,660581d1-5656-11f0-9c26-e53122149748,Rouen,22.0,4.0,2.0,,25.0,17.0,10.0,58.82,PT200M,,79.0,28.0,11.0,39.29,41.0,18.0,43.9,35.0,25.0,10.0,6.0,13.0
5bf312c3-67e6-11f0-a7de-79e23488fb37,away,6d6ed8f2-5656-11f0-968b-2571d849cba9,Saint-Chamond-Andrezieux,13.0,2.0,4.0,,21.0,26.0,19.0,73.08,PT200M,,88.0,21.0,9.0,42.86,43.0,21.0,48.84,44.0,31.0,13.0,4.0,16.0
5c014b7d-67e6-11f0-b8e6-79e23488fb37,home,a82c5ed3-564f-11f0-9879-b161853c3f42,Châlons-Reims,23.0,4.0,4.0,,31.0,42.0,27.0,64.29,PT225M,,88.0,23.0,7.0,30.43,42.0,20.0,47.62,52.0,39.0,13.0,10.0,19.0
5c014b7d-67e6-11f0-b8e6-79e23488fb37,away,c64e4f9d-5650-11f0-a83a-db92f4e0ad79,Evreux,21.0,4.0,4.0,,34.0,44.0,27.0,61.36,PT225M,,84.0,19.0,7.0,36.84,45.0,18.0,40.0,41.0,32.0,9.0,11.0,17.0
5c08c934-67e6-11f0-b60c-79e23488fb37,home,c4289b03-5651-11f0-b117-1b2819a7091f,Orléans,17.0,3.0,1.0,,25.0,22.0,15.0,68.18,PT200M,,73.0,29.0,10.0,34.48,33.0,14.0,42.42,34.0,22.0,12.0,9.0,16.0
5c08c934-67e6-11f0-b60c-79e23488fb37,away,d8dc7c09-564d-11f0-bfc0-01843dded219,Antibes,15.0,1.0,3.0,,22.0,20.0,18.0,90.0,PT200M,,69.0,24.0,7.0,29.17,30.0,15.0,50.0,39.0,30.0,9.0,10.0,22.0
5c0fec50-67e6-11f0-8e49-79e23488fb37,home,bab3e699-5650-11f0-8c0c-5d11459a90d4,Denain,20.0,3.0,3.0,,21.0,22.0,19.0,86.36,PT200M,,87.0,21.0,6.0,28.57,43.0,25.0,58.14,41.0,27.0,14.0,8.0,6.0
5c0fec50-67e6-11f0-8e49-79e23488fb37,away,47f9fac8-564f-11f0-bf00-55fec7cade86,Caen,12.0,3.0,3.0,,22.0,17.0,11.0,64.71,PT200M,,58.0,20.0,3.0,15.0,37.0,19.0,51.35,32.0,22.0,10.0,4.0,12.0
5c17617d-67e6-11f0-aad8-79e23488fb37,home,bd884864-564d-11f0-9d32-075d9b5a3600,Aix-Maurienne,19.0,3.0,3.0,,21.0,32.0,17.0,53.12,PT200M,,89.0,19.0,4.0,21.05,44.0,30.0,68.18,41.0,26.0,15.0,4.0,15.0
5c17617d-67e6-11f0-aad8-79e23488fb37,away,5dd1167c-5656-11f0-b30a-37174fbd761c,Roanne,17.0,3.0,3.0,,24.0,24.0,21.0,87.5,PT200M,,94.0,22.0,5.0,22.73,46.0,29.0,63.04,33.0,23.0,10.0,9.0,9.0
5c1f3c59-67e6-11f0-9035-79e23488fb37,home,d67f9f42-5651-11f0-af2c-1b2819a7091f,Quimper,21.0,1.0,2.0,,23.0,12.0,8.0,66.67,PT200M,,64.0,30.0,6.0,20.0,35.0,19.0,54.29,31.0,22.0,9.0,8.0,11.0
5c1f3c59-67e6-11f0-9035-79e23488fb37,away,74fcb27a-5656-11f0-afef-790204f271a9,Vichy,18.0,2.0,1.0,,15.0,24.0,16.0,66.67,PT200M,,73.0,24.0,9.0,37.5,35.0,15.0,42.86,49.0,33.0,16.0,4.0,18.0
5bfa4ecb-67e6-11f0-bdb2-79e23488fb37,home,ca954dfe-5651-11f0-9c8a-116cf0b4675f,Pau-Lacq-Orthez,22.0,5.0,2.0,,24.0,28.0,16.0,57.14,PT200M,,97.0,23.0,13.0,56.52,38.0,21.0,55.26,46.0,29.0,17.0,11.0,26.0
5bfa4ecb-67e6-11f0-bdb2-79e23488fb37,away,540e7ec0-5651-11f0-9652-cf49a1c556a9,Nantes,15.0,2.0,4.0,,23.0,22.0,12.0,54.55,PT200M,,77.0,24.0,7.0,29.17,45.0,22.0,48.89,30.0,15.0,15.0,14.0,20.0
5c3582a6-67e6-11f0-8041-79e23488fb37,home,12444214-564f-11f0-937d-df51377c0aa2,Challans,13.0,1.0,2.0,,19.0,19.0,14.0,73.68,PT200M,,73.0,24.0,7.0,29.17,37.0,19.0,51.35,37.0,25.0,12.0,8.0,19.0
5c3582a6-67e6-11f0-8041-79e23488fb37,away,d0bde5b3-5651-11f0-ac8b-53657eeba26b,Poitiers,19.0,2.0,1.0,,22.0,16.0,10.0,62.5,PT200M,,83.0,32.0,9.0,28.12,41.0,23.0,56.1,45.0,26.0,19.0,10.0,13.0
81c2ce0f-67e6-11f0-b701-41ca55d4aba3,home,47f9fac8-564f-11f0-bf00-55fec7cade86,Caen,14.0,0.0,1.0,,23.0,23.0,19.0,82.61,PT200M,,82.0,23.0,9.0,39.13,34.0,18.0,52.94,38.0,29.0,9.0,7.0,20.0
81c2ce0f-67e6-11f0-b701-41ca55d4aba3,away,021be54f-564e-11f0-af87-53657eeba26b,Blois,19.0,1.0,0.0,,22.0,14.0,10.0,71.43,PT200M,,71.0,28.0,7.0,25.0,34.0,20.0,58.82,31.0,24.0,7.0,13.0,18.0
81cfed02-67e6-11f0-87b2-41ca55d4aba3,home,540e7ec0-5651-11f0-9652-cf49a1c556a9,Nantes,19.0,2.0,2.0,,21.0,25.0,16.0,64.0,PT200M,,91.0,34.0,11.0,32.35,40.0,21.0,52.5,44.0,24.0,20.0,10.0,15.0
81cfed02-67e6-11f0-87b2-41ca55d4aba3,away,d67f9f42-5651-11f0-af2c-1b2819a7091f,Quimper,23.0,2.0,2.0,,24.0,21.0,18.0,85.71,PT200M,,75.0,18.0,5.0,27.78,40.0,21.0,52.5,32.0,24.0,8.0,5.0,16.0
81d662e3-67e6-11f0-ba0d-41ca55d4aba3,home,d0bde5b3-5651-11f0-ac8b-53657eeba26b,Poitiers,14.0,1.0,4.0,,23.0,19.0,14.0,73.68,PT200M,,74.0,20.0,4.0,20.0,43.0,24.0,55.81,36.0,23.0,13.0,3.0,15.0
81d662e3-67e6-11f0-ba0d-41ca55d4aba3,away,a82c5ed3-564f-11f0-9879-b161853c3f42,Châlons-Reims,20.0,4.0,1.0,,19.0,27.0,20.0,74.07,PT200M,,82.0,28.0,12.0,42.86,28.0,13.0,46.43,33.0,23.0,10.0,8.0,13.0
81e339fa-67e6-11f0-9140-41ca55d4aba3,home,4ca8c586-5651-11f0-ab60-cf49a1c556a9,La Rochelle,18.0,2.0,4.0,,16.0,14.0,11.0,78.57,PT200M20S,,89.0,26.0,14.0,53.85,35.0,18.0,51.43,31.0,22.0,9.0,6.0,11.0
81e339fa-67e6-11f0-9140-41ca55d4aba3,away,bab3e699-5650-11f0-8c0c-5d11459a90d4,Denain,17.0,4.0,2.0,,19.0,14.0,13.0,92.86,PT200M,,75.0,29.0,8.0,27.59,37.0,19.0,51.35,39.0,21.0,18.0,4.0,13.0
81e99852-67e6-11f0-9b71-41ca55d4aba3,home,c64e4f9d-5650-11f0-a83a-db92f4e0ad79,Evreux,29.0,2.0,1.0,,19.0,30.0,19.0,63.33,PT200M,,105.0,18.0,8.0,44.44,47.0,31.0,65.96,38.0,27.0,11.0,12.0,15.0
81e99852-67e6-11f0-9b71-41ca55d4aba3,away,12444214-564f-11f0-937d-df51377c0aa2,Challans,18.0,1.0,2.0,,22.0,21.0,12.0,57.14,PT200M,,91.0,32.0,13.0,40.62,39.0,20.0,51.28,38.0,23.0,15.0,7.0,19.0
81aaa8ef-67e6-11f0-afd5-41ca55d4aba3,home,6d6ed8f2-5656-11f0-968b-2571d849cba9,Saint-Chamond-Andrezieux,16.0,0.0,0.0,,19.0,16.0,10.0,62.5,PT200M,,87.0,27.0,9.0,33.33,50.0,25.0,50.0,49.0,31.0,18.0,5.0,13.0
81aaa8ef-67e6-11f0-afd5-41ca55d4aba3,away,bd884864-564d-11f0-9d32-075d9b5a3600,Aix-Maurienne,17.0,0.0,0.0,,20.0,22.0,17.0,77.27,PT200M,,73.0,22.0,4.0,18.18,48.0,22.0,45.83,40.0,25.0,15.0,3.0,10.0
81dcd90b-67e6-11f0-ad1c-41ca55d4aba3,home,cfe8a6ed-5650-11f0-9f71-3bf393eceaf3,Gries-Souffel,16.0,3.0,2.0,,27.0,25.0,15.0,60.0,PT200M,,78.0,20.0,5.0,25.0,47.0,24.0,51.06,30.0,16.0,14.0,14.0,17.0
81dcd90b-67e6-11f0-ad1c-41ca55d4aba3,away,ca954dfe-5651-11f0-9c8a-116cf0b4675f,Pau-Lacq-Orthez,22.0,2.0,3.0,,24.0,35.0,26.0,74.29,PT200M,,95.0,25.0,11.0,44.0,35.0,18.0,51.43,46.0,27.0,19.0,5.0,21.0
81b50334-67e6-11f0-9d83-41ca55d4aba3,home,d8dc7c09-564d-11f0-bfc0-01843dded219,Antibes,15.0,1.0,0.0,,22.0,33.0,24.0,72.73,PT200M,,73.0,25.0,7.0,28.0,25.0,14.0,56.0,34.0,30.0,4.0,5.0,9.0
81b50334-67e6-11f0-9d83-41ca55d4aba3,away,454c2924-5651-11f0-aa5c-3fb2943d9a83,Hyères-Toulon,10.0,0.0,1.0,,27.0,16.0,10.0,62.5,PT200M,,68.0,30.0,10.0,33.33,35.0,14.0,40.0,43.0,29.0,14.0,2.0,12.0
81bbe2c8-67e6-11f0-8b5a-41ca55d4aba3,home,5dd1167c-5656-11f0-b30a-37174fbd761c,Roanne,15.0,7.0,1.0,,27.0,39.0,29.0,74.36,PT200M,,88.0,21.0,9.0,42.86,32.0,16.0,50.0,31.0,27.0,4.0,7.0,16.0
81bbe2c8-67e6-11f0-8b5a-41ca55d4aba3,away,c4289b03-5651-11f0-b117-1b2819a7091f,Orléans,13.0,1.0,7.0,,33.0,27.0,19.0,70.37,PT200M,,79.0,21.0,8.0,38.1,45.0,18.0,40.0,43.0,28.0,15.0,5.0,19.0
81c97017-67e6-11f0-abb9-41ca55d4aba3,home,74fcb27a-5656-11f0-afef-790204f271a9,Vichy,17.0,3.0,1.0,,22.0,32.0,26.0,81.25,PT200M,,82.0,26.0,8.0,30.77,29.0,16.0,55.17,33.0,23.0,10.0,6.0,11.0
81c97017-67e6-11f0-abb9-41ca55d4aba3,away,660581d1-5656-11f0-9c26-e53122149748,Rouen,22.0,1.0,3.0,,23.0,27.0,17.0,62.96,PT200M,,92.0,29.0,15.0,51.72,34.0,15.0,44.12,35.0,22.0,13.0,5.0,12.0
81eff86c-67e6-11f0-a0b0-41ca55d4aba3,home,bd884864-564d-11f0-9d32-075d9b5a3600,Aix-Maurienne,24.0,0.0,0.0,,19.0,30.0,18.0,60.0,PT200M,,88.0,29.0,8.0,27.59,41.0,23.0,56.1,36.0,21.0,15.0,6.0,13.0
81eff86c-67e6-11f0-a0b0-41ca55d4aba3,away,c64e4f9d-5650-11f0-a83a-db92f4e0ad79,Evreux,28.0,1.0,0.0,,24.0,20.0,16.0,80.0,PT200M,,123.0,26.0,15.0,57.69,45.0,31.0,68.89,36.0,29.0,7.0,7.0,11.0
81fd82a2-67e6-11f0-aa28-41ca55d4aba3,home,d67f9f42-5651-11f0-af2c-1b2819a7091f,Quimper,14.0,4.0,5.0,,17.0,35.0,26.0,74.29,PT200M,,72.0,21.0,4.0,19.05,39.0,17.0,43.59,39.0,26.0,13.0,8.0,16.0
81fd82a2-67e6-11f0-aa28-41ca55d4aba3,away,d0bde5b3-5651-11f0-ac8b-53657eeba26b,Poitiers,19.0,5.0,4.0,,28.0,13.0,8.0,61.54,PT200M,,82.0,36.0,12.0,33.33,32.0,19.0,59.38,40.0,29.0,11.0,7.0,16.0
8203d860-67e6-11f0-b47f-41ca55d4aba3,home,454c2924-5651-11f0-aa5c-3fb2943d9a83,Hyères-Toulon,18.0,3.0,4.0,,17.0,24.0,17.0,70.83,PT200M,,79.0,21.0,8.0,38.1,35.0,19.0,54.29,37.0,28.0,9.0,4.0,15.0
8203d860-67e6-11f0-b47f-41ca55d4aba3,away,74fcb27a-5656-11f0-afef-790204f271a9,Vichy,11.0,4.0,3.0,,25.0,9.0,5.0,55.56,PT200M,,73.0,26.0,10.0,38.46,49.0,19.0,38.78,41.0,21.0,20.0,8.0,12.0
820a8b13-67e6-11f0-aad3-41ca55d4aba3,home,660581d1-5656-11f0-9c26-e53122149748,Rouen,22.0,1.0,0.0,,19.0,22.0,17.0,77.27,PT200M,,71.0,24.0,6.0,25.0,32.0,18.0,56.25,32.0,23.0,9.0,9.0,15.0
820a8b13-67e6-11f0-aad3-41ca55d4aba3,away,47f9fac8-564f-11f0-bf00-55fec7cade86,Caen,17.0,0.0,1.0,,25.0,14.0,10.0,71.43,PT200M,,59.0,24.0,3.0,12.5,33.0,20.0,60.61,35.0,25.0,10.0,10.0,20.0
82178c50-67e6-11f0-b229-41ca55d4aba3,home,021be54f-564e-11f0-af87-53657eeba26b,Blois,21.0,3.0,4.0,,29.0,20.0,15.0,75.0,PT200M,,105.0,30.0,14.0,46.67,41.0,24.0,58.54,37.0,23.0,14.0,9.0,15.0
82178c50-67e6-11f0-b229-41ca55d4aba3,away,540e7ec0-5651-11f0-9652-cf49a1c556a9,Nantes,14.0,4.0,3.0,,22.0,35.0,22.0,62.86,PT200M,,99.0,27.0,9.0,33.33,43.0,25.0,58.14,40.0,20.0,20.0,6.0,15.0
822b7801-67e6-11f0-88d7-41ca55d4aba3,home,a82c5ed3-564f-11f0-9879-b161853c3f42,Châlons-Reims,15.0,2.0,9.0,,23.0,20.0,16.0,80.0,PT200M,,76.0,25.0,6.0,24.0,46.0,21.0,45.65,30.0,13.0,17.0,9.0,8.0
822b7801-67e6-11f0-88d7-41ca55d4aba3,away,4ca8c586-5651-11f0-ab60-cf49a1c556a9,La Rochelle,24.0,9.0,1.0,,21.0,20.0,19.0,95.0,PT200M,,91.0,21.0,8.0,38.1,36.0,24.0,66.67,38.0,28.0,10.0,4.0,16.0
81f6f178-67e6-11f0-add1-41ca55d4aba3,home,12444214-564f-11f0-937d-df51377c0aa2,Challans,13.0,0.0,1.0,,24.0,23.0,17.0,73.91,PT200M,,73.0,22.0,8.0,36.36,33.0,16.0,48.48,34.0,21.0,13.0,7.0,24.0
81f6f178-67e6-11f0-add1-41ca55d4aba3,away,5dd1167c-5656-11f0-b30a-37174fbd761c,Roanne,16.0,1.0,0.0,,22.0,23.0,17.0,73.91,PT200M,,84.0,23.0,7.0,30.43,39.0,23.0,58.97,34.0,21.0,13.0,11.0,16.0
821120b5-67e6-11f0-90dc-41ca55d4aba3,home,ca954dfe-5651-11f0-9c8a-116cf0b4675f,Pau-Lacq-Orthez,23.0,5.0,1.0,,22.0,28.0,15.0,53.57,PT200M,,93.0,23.0,8.0,34.78,40.0,27.0,67.5,39.0,26.0,13.0,9.0,17.0
821120b5-67e6-11f0-90dc-41ca55d4aba3,away,bab3e699-5650-11f0-8c0c-5d11459a90d4,Denain,23.0,1.0,4.0,,20.0,21.0,12.0,57.14,PT200M,,91.0,28.0,11.0,39.29,42.0,23.0,54.76,34.0,21.0,13.0,7.0,14.0
821e4749-67e6-11f0-afc3-41ca55d4aba3,home,d8dc7c09-564d-11f0-bfc0-01843dded219,Antibes,11.0,3.0,3.0,,24.0,26.0,22.0,84.62,PT200M,,83.0,30.0,9.0,30.0,36.0,17.0,47.22,34.0,19.0,15.0,5.0,15.0
821e4749-67e6-11f0-afc3-41ca55d4aba3,away,cfe8a6ed-5650-11f0-9f71-3bf393eceaf3,Gries-Souffel,15.0,3.0,3.0,,29.0,26.0,18.0,69.23,PT200M,,85.0,18.0,7.0,38.89,39.0,23.0,58.97,38.0,26.0,12.0,6.0,20.0
82324a76-67e6-11f0-8396-41ca55d4aba3,home,660581d1-5656-11f0-9c26-e53122149748,Rouen,26.0,5.0,2.0,,21.0,22.0,17.0,77.27,PT275M,,108.0,35.0,9.0,25.71,48.0,32.0,66.67,37.0,27.0,10.0,8.0,15.0
82324a76-67e6-11f0-8396-41ca55d4aba3,away,bd884864-564d-11f0-9d32-075d9b5a3600,Aix-Maurienne,30.0,2.0,5.0,,24.0,25.0,13.0,52.0,PT275M,,111.0,26.0,8.0,30.77,59.0,37.0,62.71,50.0,33.0,17.0,8.0,21.0
823fff3e-67e6-11f0-8492-41ca55d4aba3,home,47f9fac8-564f-11f0-bf00-55fec7cade86,Caen,27.0,3.0,3.0,,24.0,12.0,9.0,75.0,PT250M,,104.0,33.0,11.0,33.33,51.0,31.0,60.78,46.0,34.0,12.0,7.0,14.0
823fff3e-67e6-11f0-8492-41ca55d4aba3,away,454c2924-5651-11f0-aa5c-3fb2943d9a83,Hyères-Toulon,24.0,3.0,2.0,,17.0,23.0,19.0,82.61,PT250M,,95.0,29.0,12.0,41.38,42.0,20.0,47.62,36.0,30.0,6.0,6.0,15.0
8246d385-67e6-11f0-91d4-41ca55d4aba3,home,c64e4f9d-5650-11f0-a83a-db92f4e0ad79,Evreux,16.0,3.0,5.0,,30.0,53.0,30.0,56.6,PT225M,,88.0,20.0,4.0,20.0,50.0,23.0,46.0,42.0,31.0,11.0,12.0,19.0
8246d385-67e6-11f0-91d4-41ca55d4aba3,away,cfe8a6ed-5650-11f0-9f71-3bf393eceaf3,Gries-Souffel,16.0,5.0,3.0,,34.0,35.0,22.0,62.86,PT225M,,89.0,17.0,3.0,17.65,52.0,29.0,55.77,48.0,38.0,10.0,7.0,24.0
824d5cc8-67e6-11f0-911e-41ca55d4aba3,home,540e7ec0-5651-11f0-9652-cf49a1c556a9,Nantes,23.0,6.0,0.0,,20.0,25.0,18.0,72.0,PT200M,,95.0,24.0,9.0,37.5,35.0,25.0,71.43,35.0,22.0,13.0,9.0,15.0
824d5cc8-67e6-11f0-911e-41ca55d4aba3,away,a82c5ed3-564f-11f0-9879-b161853c3f42,Châlons-Reims,13.0,0.0,6.0,,24.0,23.0,17.0,73.91,PT200M,,72.0,20.0,7.0,35.0,41.0,17.0,41.46,32.0,16.0,16.0,5.0,18.0
8254109d-67e6-11f0-9fff-41ca55d4aba3,home,d67f9f42-5651-11f0-af2c-1b2819a7091f,Quimper,24.0,1.0,5.0,,19.0,17.0,11.0,64.71,PT200M,,81.0,24.0,6.0,25.0,48.0,26.0,54.17,40.0,25.0,15.0,4.0,11.0
8254109d-67e6-11f0-9fff-41ca55d4aba3,away,4ca8c586-5651-11f0-ab60-cf49a1c556a9,La Rochelle,19.0,5.0,1.0,,22.0,15.0,12.0,80.0,PT200M,,85.0,24.0,7.0,29.17,38.0,26.0,68.42,33.0,28.0,5.0,6.0,10.0
825b277a-67e6-11f0-b2d0-41ca55d4aba3,home,5dd1167c-5656-11f0-b30a-37174fbd761c,Roanne,21.0,1.0,0.0,,25.0,31.0,24.0,77.42,PT200M,,94.0,23.0,8.0,34.78,45.0,23.0,51.11,39.0,29.0,10.0,9.0,9.0
825b277a-67e6-11f0-b2d0-41ca55d4aba3,away,021be54f-564e-11f0-af87-53657eeba26b,Blois,14.0,0.0,1.0,,23.0,25.0,17.0,68.0,PT200M,,67.0,12.0,4.0,33.33,43.0,19.0,44.19,37.0,30.0,7.0,6.0,17.0
82619480-67e6-11f0-84ba-41ca55d4aba3,home,c4289b03-5651-11f0-b117-1b2819a7091f,Orléans,22.0,2.0,2.0,,22.0,21.0,16.0,76.19,PT200M,,82.0,33.0,10.0,30.3,33.0,18.0,54.55,34.0,22.0,12.0,8.0,16.0
82619480-67e6-11f0-84ba-41ca55d4aba3,away,ca954dfe-5651-11f0-9c8a-116cf0b4675f,Pau-Lacq-Orthez,24.0,2.0,2.0,,19.0,18.0,14.0,77.78,PT200M,,84.0,27.0,8.0,29.63,39.0,23.0,58.97,39.0,28.0,11.0,10.0,16.0
826ed589-67e6-11f0-87b0-41ca55d4aba3,home,bab3e699-5650-11f0-8c0c-5d11459a90d4,Denain,14.0,1.0,3.0,,24.0,24.0,19.0,79.17,PT200M,,86.0,24.0,9.0,37.5,43.0,20.0,46.51,39.0,24.0,15.0,6.0,15.0
826ed589-67e6-11f0-87b0-41ca55d4aba3,away,d8dc7c09-564d-11f0-bfc0-01843dded219,Antibes,18.0,3.0,1.0,,29.0,34.0,20.0,58.82,PT200M,,79.0,21.0,9.0,42.86,33.0,16.0,48.48,31.0,24.0,7.0,7.0,19.0
82394245-67e6-11f0-aaaf-41ca55d4aba3,home,6d6ed8f2-5656-11f0-968b-2571d849cba9,Saint-Chamond-Andrezieux,32.0,4.0,0.0,,19.0,25.0,19.0,76.0,PT200M,,108.0,15.0,3.0,20.0,61.0,40.0,65.57,47.0,31.0,16.0,10.0,12.0
82394245-67e6-11f0-aaaf-41ca55d4aba3,away,12444214-564f-11f0-937d-df51377c0aa2,Challans,21.0,0.0,5.0,,23.0,20.0,10.0,50.0,PT200M,,80.0,30.0,10.0,33.33,42.0,20.0,47.62,30.0,17.0,13.0,6.0,15.0
8268471a-67e6-11f0-ac42-41ca55d4aba3,home,74fcb27a-5656-11f0-afef-790204f271a9,Vichy,19.0,6.0,3.0,,23.0,21.0,16.0,76.19,PT200M,,88.0,27.0,12.0,44.44,47.0,18.0,38.3,50.0,29.0,21.0,5.0,9.0
8268471a-67e6-11f0-ac42-41ca55d4aba3,away,d0bde5b3-5651-11f0-ac8b-53657eeba26b,Poitiers,9.0,3.0,6.0,,23.0,31.0,25.0,80.65,PT200M,,55.0,28.0,4.0,14.29,31.0,9.0,29.03,47.0,28.0,19.0,5.0,14.0
82754e0d-67e6-11f0-a127-41ca55d4aba3,home,47f9fac8-564f-11f0-bf00-55fec7cade86,Caen,13.0,2.0,4.0,,23.0,27.0,15.0,55.56,PT200M,,66.0,14.0,5.0,35.71,33.0,18.0,54.55,32.0,27.0,5.0,13.0,23.0
82754e0d-67e6-11f0-a127-41ca55d4aba3,away,540e7ec0-5651-11f0-9652-cf49a1c556a9,Nantes,15.0,4.0,2.0,,24.0,15.0,12.0,80.0,PT200M,,79.0,26.0,11.0,42.31,37.0,17.0,45.95,33.0,24.0,9.0,12.0,19.0
827c84fb-67e6-11f0-81f9-41ca55d4aba3,home,454c2924-5651-11f0-aa5c-3fb2943d9a83,Hyères-Toulon,16.0,4.0,0.0,,16.0,24.0,21.0,87.5,PT200M,,90.0,24.0,13.0,54.17,25.0,15.0,60.0,22.0,17.0,5.0,4.0,12.0
827c84fb-67e6-11f0-81f9-41ca55d4aba3,away,660581d1-5656-11f0-9c26-e53122149748,Rouen,22.0,0.0,4.0,,22.0,18.0,13.0,72.22,PT199M17S,,85.0,22.0,6.0,27.27,42.0,27.0,64.29,33.0,18.0,15.0,5.0,13.0
82ad3020-67e6-11f0-a8eb-41ca55d4aba3,home,4ca8c586-5651-11f0-ab60-cf49a1c556a9,La Rochelle,16.0,1.0,0.0,,19.0,39.0,30.0,76.92,PT200M,,83.0,27.0,11.0,40.74,30.0,10.0,33.33,43.0,33.0,10.0,6.0,11.0
82ad3020-67e6-11f0-a8eb-41ca55d4aba3,away,d8dc7c09-564d-11f0-bfc0-01843dded219,Antibes,15.0,0.0,1.0,,30.0,18.0,13.0,72.22,PT200M,,65.0,24.0,6.0,25.0,41.0,17.0,41.46,40.0,29.0,11.0,3.0,12.0
82b3d0b1-67e6-11f0-9a89-41ca55d4aba3,home,d0bde5b3-5651-11f0-ac8b-53657eeba26b,Poitiers,11.0,2.0,1.0,,26.0,33.0,27.0,81.82,PT200M,,98.0,16.0,5.0,31.25,49.0,28.0,57.14,45.0,27.0,18.0,2.0,16.0
82b3d0b1-67e6-11f0-9a89-41ca55d4aba3,away,5dd1167c-5656-11f0-b30a-37174fbd761c,Roanne,18.0,1.0,2.0,,31.0,29.0,18.0,62.07,PT200M,,88.0,32.0,10.0,31.25,35.0,20.0,57.14,31.0,17.0,14.0,8.0,9.0
828a8e0c-67e6-11f0-b975-41ca55d4aba3,home,12444214-564f-11f0-937d-df51377c0aa2,Challans,17.0,1.0,0.0,,21.0,13.0,7.0,53.85,PT200M,,68.0,29.0,3.0,10.34,44.0,26.0,59.09,42.0,27.0,15.0,4.0,13.0
828a8e0c-67e6-11f0-b975-41ca55d4aba3,away,d67f9f42-5651-11f0-af2c-1b2819a7091f,Quimper,23.0,0.0,1.0,,18.0,24.0,19.0,79.17,PT200M,,82.0,28.0,7.0,25.0,40.0,21.0,52.5,44.0,30.0,14.0,9.0,11.0
8291f8d3-67e6-11f0-929c-41ca55d4aba3,home,74fcb27a-5656-11f0-afef-790204f271a9,Vichy,17.0,9.0,4.0,,23.0,26.0,19.0,73.08,PT200M,,74.0,22.0,7.0,31.82,39.0,17.0,43.59,42.0,28.0,14.0,12.0,18.0
8291f8d3-67e6-11f0-929c-41ca55d4aba3,away,c4289b03-5651-11f0-b117-1b2819a7091f,Orléans,18.0,4.0,7.0,,26.0,26.0,21.0,80.77,PT200M,,72.0,28.0,11.0,39.29,30.0,9.0,30.0,36.0,25.0,11.0,9.0,20.0
82988e4d-67e6-11f0-aa0a-41ca55d4aba3,home,bab3e699-5650-11f0-8c0c-5d11459a90d4,Denain,22.0,2.0,0.0,,19.0,25.0,15.0,60.0,PT200M,,85.0,29.0,12.0,41.38,31.0,17.0,54.84,30.0,20.0,10.0,10.0,11.0
82988e4d-67e6-11f0-aa0a-41ca55d4aba3,away,a82c5ed3-564f-11f0-9879-b161853c3f42,Châlons-Reims,17.0,0.0,2.0,,22.0,18.0,12.0,66.67,PT200M,,77.0,26.0,9.0,34.62,39.0,19.0,48.72,44.0,27.0,17.0,7.0,17.0
829fe8e0-67e6-11f0-b73e-41ca55d4aba3,home,cfe8a6ed-5650-11f0-9f71-3bf393eceaf3,Gries-Souffel,22.0,4.0,4.0,,24.0,14.0,10.0,71.43,PT200M,,79.0,27.0,7.0,25.93,41.0,24.0,58.54,44.0,29.0,15.0,7.0,17.0
829fe8e0-67e6-11f0-b73e-41ca55d4aba3,away,6d6ed8f2-5656-11f0-968b-2571d849cba9,Saint-Chamond-Andrezieux,7.0,4.0,4.0,,18.0,30.0,21.0,70.0,PT200M,,63.0,18.0,2.0,11.11,49.0,18.0,36.73,45.0,23.0,22.0,9.0,16.0
82839ee2-67e6-11f0-bb63-41ca55d4aba3,home,021be54f-564e-11f0-af87-53657eeba26b,Blois,27.0,1.0,5.0,,22.0,21.0,13.0,61.9,PT200M,,89.0,20.0,8.0,40.0,41.0,26.0,63.41,32.0,23.0,9.0,6.0,12.0
82839ee2-67e6-11f0-bb63-41ca55d4aba3,away,bd884864-564d-11f0-9d32-075d9b5a3600,Aix-Maurienne,20.0,5.0,1.0,,21.0,24.0,22.0,91.67,PT200M,,82.0,20.0,6.0,30.0,38.0,21.0,55.26,27.0,20.0,7.0,5.0,12.0
82a6914a-67e6-11f0-a5fc-41ca55d4aba3,home,ca954dfe-5651-11f0-9c8a-116cf0b4675f,Pau-Lacq-Orthez,26.0,2.0,1.0,,25.0,26.0,20.0,76.92,PT200M,,97.0,25.0,9.0,36.0,45.0,25.0,55.56,48.0,31.0,17.0,8.0,15.0
82a6914a-67e6-11f0-a5fc-41ca55d4aba3,away,c64e4f9d-5650-11f0-a83a-db92f4e0ad79,Evreux,22.0,1.0,2.0,,19.0,32.0,21.0,65.62,PT200M,,81.0,32.0,8.0,25.0,29.0,18.0,62.07,30.0,22.0,8.0,10.0,15.0
5c26b570-67e6-11f0-9708-79e23488fb37,home,021be54f-564e-11f0-af87-53657eeba26b,Blois,16.0,4.0,6.0,,30.0,20.0,11.0,55.0,PT200M,,78.0,23.0,5.0,21.74,48.0,26.0,54.17,38.0,22.0,16.0,6.0,11.0
5c26b570-67e6-11f0-9708-79e23488fb37,away,cfe8a6ed-5650-11f0-9f71-3bf393eceaf3,Gries-Souffel,20.0,6.0,4.0,,19.0,45.0,36.0,80.0,PT200M,,86.0,12.0,4.0,33.33,35.0,19.0,54.29,34.0,28.0,6.0,7.0,13.0
82f7da18-67e6-11f0-b3e2-41ca55d4aba3,home,a82c5ed3-564f-11f0-9879-b161853c3f42,Châlons-Reims,19.0,2.0,3.0,,23.0,33.0,21.0,63.64,PT200M,,77.0,24.0,6.0,25.0,37.0,19.0,51.35,27.0,21.0,6.0,12.0,7.0
82f7da18-67e6-11f0-b3e2-41ca55d4aba3,away,74fcb27a-5656-11f0-afef-790204f271a9,Vichy,16.0,3.0,2.0,,28.0,29.0,24.0,82.76,PT200M,,83.0,21.0,5.0,23.81,39.0,22.0,56.41,49.0,35.0,14.0,3.0,19.0
82c181b2-67e6-11f0-98e4-41ca55d4aba3,home,c64e4f9d-5650-11f0-a83a-db92f4e0ad79,Evreux,17.0,1.0,3.0,,27.0,27.0,16.0,59.26,PT200M,,74.0,21.0,4.0,19.05,39.0,23.0,58.97,45.0,34.0,11.0,4.0,19.0
82c181b2-67e6-11f0-98e4-41ca55d4aba3,away,454c2924-5651-11f0-aa5c-3fb2943d9a83,Hyères-Toulon,16.0,3.0,1.0,,19.0,32.0,22.0,68.75,PT200M,,80.0,44.0,10.0,22.73,22.0,14.0,63.64,38.0,26.0,12.0,7.0,10.0
82d51c36-67e6-11f0-937c-41ca55d4aba3,home,bd884864-564d-11f0-9d32-075d9b5a3600,Aix-Maurienne,24.0,3.0,1.0,,19.0,30.0,18.0,60.0,PT225M,,96.0,31.0,12.0,38.71,42.0,21.0,50.0,40.0,24.0,16.0,7.0,14.0
82d51c36-67e6-11f0-937c-41ca55d4aba3,away,cfe8a6ed-5650-11f0-9f71-3bf393eceaf3,Gries-Souffel,24.0,1.0,3.0,,22.0,23.0,18.0,78.26,PT225M,,95.0,18.0,7.0,38.89,51.0,28.0,54.9,39.0,28.0,11.0,5.0,15.0
82f13611-67e6-11f0-a51c-41ca55d4aba3,home,660581d1-5656-11f0-9c26-e53122149748,Rouen,17.0,0.0,2.0,,19.0,20.0,18.0,90.0,PT200M,,90.0,24.0,8.0,33.33,46.0,24.0,52.17,32.0,22.0,10.0,12.0,8.0
82f13611-67e6-11f0-a51c-41ca55d4aba3,away,d67f9f42-5651-11f0-af2c-1b2819a7091f,Quimper,13.0,2.0,0.0,,21.0,14.0,10.0,71.43,PT200M,,69.0,20.0,7.0,35.0,33.0,19.0,57.58,35.0,28.0,7.0,5.0,21.0
82dc3e61-67e6-11f0-9d14-41ca55d4aba3,home,d8dc7c09-564d-11f0-bfc0-01843dded219,Antibes,12.0,4.0,6.0,,27.0,21.0,16.0,76.19,PT200M,,78.0,24.0,8.0,33.33,45.0,19.0,42.22,38.0,26.0,12.0,8.0,10.0
82dc3e61-67e6-11f0-9d14-41ca55d4aba3,away,d0bde5b3-5651-11f0-ac8b-53657eeba26b,Poitiers,11.0,6.0,4.0,,21.0,34.0,30.0,88.24,PT200M,,92.0,21.0,8.0,38.1,42.0,19.0,45.24,41.0,32.0,9.0,6.0,13.0
82e2ddf5-67e6-11f0-a47b-41ca55d4aba3,home,6d6ed8f2-5656-11f0-968b-2571d849cba9,Saint-Chamond-Andrezieux,22.0,2.0,5.0,,21.0,20.0,16.0,80.0,PT200M,,77.0,20.0,5.0,25.0,50.0,23.0,46.0,39.0,28.0,11.0,8.0,7.0
82e2ddf5-67e6-11f0-a47b-41ca55d4aba3,away,47f9fac8-564f-11f0-bf00-55fec7cade86,Caen,20.0,4.0,2.0,,21.0,26.0,19.0,73.08,PT200M,,68.0,19.0,5.0,26.32,32.0,17.0,53.12,38.0,32.0,6.0,4.0,18.0
82ea5730-67e6-11f0-9860-41ca55d4aba3,home,540e7ec0-5651-11f0-9652-cf49a1c556a9,Nantes,16.0,2.0,1.0,,27.0,23.0,15.0,65.22,PT200M,,68.0,20.0,3.0,15.0,38.0,22.0,57.89,34.0,21.0,13.0,5.0,16.0
82ea5730-67e6-11f0-9860-41ca55d4aba3,away,5dd1167c-5656-11f0-b30a-37174fbd761c,Roanne,16.0,1.0,2.0,,23.0,29.0,26.0,89.66,PT200M,,72.0,18.0,2.0,11.11,33.0,20.0,60.61,34.0,21.0,13.0,11.0,16.0
82cea5c9-67e6-11f0-9793-41ca55d4aba3,home,4ca8c586-5651-11f0-ab60-cf49a1c556a9,La Rochelle,19.0,2.0,4.0,,20.0,15.0,12.0,80.0,PT200M,,81.0,27.0,11.0,40.74,34.0,18.0,52.94,32.0,23.0,9.0,6.0,16.0
82cea5c9-67e6-11f0-9793-41ca55d4aba3,away,ca954dfe-5651-11f0-9c8a-116cf0b4675f,Pau-Lacq-Orthez,25.0,4.0,2.0,,21.0,23.0,15.0,65.22,PT200M,,85.0,19.0,8.0,42.11,39.0,23.0,58.97,33.0,25.0,8.0,9.0,13.0
82ba7e20-67e6-11f0-89c8-41ca55d4aba3,home,c4289b03-5651-11f0-b117-1b2819a7091f,Orléans,9.0,1.0,2.0,,19.0,41.0,33.0,80.49,PT200M,,84.0,22.0,5.0,22.73,40.0,18.0,45.0,52.0,33.0,19.0,6.0,19.0
82ba7e20-67e6-11f0-89c8-41ca55d4aba3,away,bab3e699-5650-11f0-8c0c-5d11459a90d4,Denain,9.0,2.0,2.0,,27.0,22.0,13.0,59.09,PT200M,,68.0,26.0,5.0,19.23,43.0,20.0,46.51,38.0,24.0,14.0,9.0,14.0
82c80ce3-67e6-11f0-8513-41ca55d4aba3,home,021be54f-564e-11f0-af87-53657eeba26b,Blois,30.0,3.0,3.0,,17.0,14.0,12.0,85.71,PT200M,,95.0,33.0,11.0,33.33,37.0,25.0,67.57,30.0,20.0,10.0,8.0,15.0
82c80ce3-67e6-11f0-8513-41ca55d4aba3,away,12444214-564f-11f0-937d-df51377c0aa2,Challans,28.0,2.0,3.0,,19.0,18.0,13.0,72.22,PT200M,,91.0,24.0,14.0,58.33,32.0,18.0,56.25,26.0,21.0,5.0,8.0,20.0
83262a75-67e6-11f0-a0f0-41ca55d4aba3,home,47f9fac8-564f-11f0-bf00-55fec7cade86,Caen,16.0,0.0,7.0,,18.0,26.0,20.0,76.92,PT200M,,89.0,20.0,9.0,45.0,59.0,21.0,35.59,51.0,26.0,25.0,10.0,14.0
83262a75-67e6-11f0-a0f0-41ca55d4aba3,away,d0bde5b3-5651-11f0-ac8b-53657eeba26b,Poitiers,20.0,7.0,0.0,,21.0,13.0,8.0,61.54,PT200M,,87.0,40.0,15.0,37.5,35.0,17.0,48.57,47.0,30.0,17.0,6.0,17.0
82fe404f-67e6-11f0-a468-41ca55d4aba3,home,bab3e699-5650-11f0-8c0c-5d11459a90d4,Denain,20.0,3.0,3.0,,21.0,26.0,20.0,76.92,PT200M,,75.0,28.0,9.0,32.14,26.0,14.0,53.85,33.0,20.0,13.0,8.0,16.0
82fe404f-67e6-11f0-a468-41ca55d4aba3,away,021be54f-564e-11f0-af87-53657eeba26b,Blois,11.0,3.0,3.0,,23.0,21.0,13.0,61.9,PT200M,,72.0,20.0,7.0,35.0,30.0,19.0,63.33,27.0,19.0,8.0,10.0,16.0
830b55a0-67e6-11f0-9418-41ca55d4aba3,home,5dd1167c-5656-11f0-b30a-37174fbd761c,Roanne,28.0,1.0,0.0,,20.0,19.0,13.0,68.42,PT200M,,103.0,32.0,16.0,50.0,33.0,21.0,63.64,36.0,26.0,10.0,6.0,13.0
830b55a0-67e6-11f0-9418-41ca55d4aba3,away,c64e4f9d-5650-11f0-a83a-db92f4e0ad79,Evreux,13.0,0.0,1.0,,19.0,23.0,14.0,60.87,PT200M,,75.0,19.0,5.0,26.32,39.0,23.0,58.97,28.0,19.0,9.0,6.0,15.0
8311f3b4-67e6-11f0-bf5a-41ca55d4aba3,home,d67f9f42-5651-11f0-af2c-1b2819a7091f,Quimper,18.0,2.0,2.0,,21.0,14.0,6.0,42.86,PT200M,,69.0,23.0,9.0,39.13,44.0,18.0,40.91,46.0,32.0,14.0,2.0,14.0
8311f3b4-67e6-11f0-bf5a-41ca55d4aba3,away,a82c5ed3-564f-11f0-9879-b161853c3f42,Châlons-Reims,22.0,2.0,2.0,,18.0,28.0,18.0,64.29,PT200M,,84.0,24.0,8.0,33.33,41.0,21.0,51.22,39.0,30.0,9.0,6.0,8.0
8318a2d6-67e6-11f0-8c1b-41ca55d4aba3,home,454c2924-5651-11f0-aa5c-3fb2943d9a83,Hyères-Toulon,14.0,1.0,0.0,,21.0,10.0,5.0,50.0,PT200M,,75.0,33.0,12.0,36.36,31.0,17.0,54.84,33.0,20.0,13.0,7.0,14.0
8318a2d6-67e6-11f0-8c1b-41ca55d4aba3,away,540e7ec0-5651-11f0-9652-cf49a1c556a9,Nantes,14.0,0.0,2.0,,20.0,24.0,19.0,79.17,PT200M,,88.0,23.0,13.0,56.52,35.0,15.0,42.86,37.0,24.0,13.0,8.0,16.0
832d67ab-67e6-11f0-8d2e-41ca55d4aba3,home,660581d1-5656-11f0-9c26-e53122149748,Rouen,17.0,4.0,5.0,,24.0,31.0,24.0,77.42,PT200M,,90.0,25.0,4.0,16.0,48.0,27.0,56.25,40.0,24.0,16.0,7.0,9.0
832d67ab-67e6-11f0-8d2e-41ca55d4aba3,away,d8dc7c09-564d-11f0-bfc0-01843dded219,Antibes,18.0,5.0,4.0,,25.0,29.0,22.0,75.86,PT200M,,82.0,20.0,8.0,40.0,32.0,18.0,56.25,34.0,29.0,5.0,5.0,13.0
833458ec-67e6-11f0-b56d-41ca55d4aba3,home,c4289b03-5651-11f0-b117-1b2819a7091f,Orléans,18.0,0.0,2.0,,24.0,23.0,20.0,86.96,PT225M,,105.0,30.0,9.0,30.0,48.0,29.0,60.42,38.0,19.0,19.0,10.0,12.0
833458ec-67e6-11f0-b56d-41ca55d4aba3,away,bd884864-564d-11f0-9d32-075d9b5a3600,Aix-Maurienne,26.0,2.0,0.0,,24.0,22.0,15.0,68.18,PT225M,,107.0,36.0,18.0,50.0,32.0,19.0,59.38,34.0,22.0,12.0,7.0,16.0
8304e134-67e6-11f0-b6dd-41ca55d4aba3,home,74fcb27a-5656-11f0-afef-790204f271a9,Vichy,12.0,3.0,4.0,,17.0,17.0,11.0,64.71,PT200M,,60.0,28.0,5.0,17.86,39.0,17.0,43.59,39.0,24.0,15.0,8.0,12.0
8304e134-67e6-11f0-b6dd-41ca55d4aba3,away,cfe8a6ed-5650-11f0-9f71-3bf393eceaf3,Gries-Souffel,17.0,4.0,3.0,,18.0,18.0,16.0,88.89,PT200M,,62.0,16.0,2.0,12.5,41.0,20.0,48.78,41.0,30.0,11.0,8.0,18.0
831f8169-67e6-11f0-9ffb-41ca55d4aba3,home,12444214-564f-11f0-937d-df51377c0aa2,Challans,16.0,0.0,1.0,,19.0,9.0,7.0,77.78,PT200M,,76.0,39.0,11.0,28.21,35.0,18.0,51.43,43.0,24.0,19.0,6.0,16.0
831f8169-67e6-11f0-9ffb-41ca55d4aba3,away,4ca8c586-5651-11f0-ab60-cf49a1c556a9,La Rochelle,20.0,1.0,0.0,,16.0,29.0,20.0,68.97,PT200M,,83.0,19.0,7.0,36.84,39.0,21.0,53.85,36.0,27.0,9.0,7.0,11.0
833ac861-67e6-11f0-9c68-41ca55d4aba3,home,ca954dfe-5651-11f0-9c8a-116cf0b4675f,Pau-Lacq-Orthez,18.0,2.0,2.0,,20.0,28.0,20.0,71.43,PT200M,,74.0,23.0,6.0,26.09,40.0,18.0,45.0,40.0,29.0,11.0,7.0,14.0
833ac861-67e6-11f0-9c68-41ca55d4aba3,away,6d6ed8f2-5656-11f0-968b-2571d849cba9,Saint-Chamond-Andrezieux,15.0,2.0,2.0,,23.0,20.0,16.0,80.0,PT200M,,59.0,14.0,1.0,7.14,47.0,20.0,42.55,44.0,31.0,13.0,8.0,19.0
83412207-67e6-11f0-a161-41ca55d4aba3,home,47f9fac8-564f-11f0-bf00-55fec7cade86,Caen,20.0,0.0,3.0,,23.0,21.0,19.0,90.48,PT200M,,85.0,25.0,4.0,16.0,45.0,27.0,60.0,45.0,32.0,13.0,7.0,16.0
83412207-67e6-11f0-a161-41ca55d4aba3,away,d67f9f42-5651-11f0-af2c-1b2819a7091f,Quimper,20.0,3.0,0.0,,21.0,24.0,19.0,79.17,PT200M,,77.0,40.0,12.0,30.0,24.0,11.0,45.83,32.0,24.0,8.0,10.0,13.0
83476d14-67e6-11f0-819a-41ca55d4aba3,home,4ca8c586-5651-11f0-ab60-cf49a1c556a9,La Rochelle,12.0,0.0,1.0,,21.0,16.0,13.0,81.25,PT200M,,80.0,25.0,9.0,36.0,39.0,20.0,51.28,28.0,20.0,8.0,9.0,13.0
83476d14-67e6-11f0-819a-41ca55d4aba3,away,660581d1-5656-11f0-9c26-e53122149748,Rouen,19.0,3.0,0.0,,19.0,29.0,21.0,72.41,PT200M,,83.0,23.0,10.0,43.48,34.0,16.0,47.06,42.0,27.0,15.0,5.0,17.0
8362483f-67e6-11f0-b116-41ca55d4aba3,home,d0bde5b3-5651-11f0-ac8b-53657eeba26b,Poitiers,15.0,5.0,1.0,,24.0,35.0,25.0,71.43,PT200M,,92.0,23.0,11.0,47.83,29.0,17.0,58.62,33.0,26.0,7.0,6.0,14.0
8362483f-67e6-11f0-b116-41ca55d4aba3,away,c4289b03-5651-11f0-b117-1b2819a7091f,Orléans,20.0,1.0,5.0,,27.0,30.0,26.0,86.67,PT200M,,90.0,21.0,6.0,28.57,51.0,23.0,45.1,41.0,23.0,18.0,11.0,10.0
836fd4e7-67e6-11f0-90a6-41ca55d4aba3,home,540e7ec0-5651-11f0-9652-cf49a1c556a9,Nantes,26.0,5.0,2.0,,17.0,21.0,16.0,76.19,PT200M,,98.0,28.0,10.0,35.71,51.0,26.0,50.98,40.0,27.0,13.0,7.0,8.0
836fd4e7-67e6-11f0-90a6-41ca55d4aba3,away,12444214-564f-11f0-937d-df51377c0aa2,Challans,17.0,2.0,5.0,,20.0,11.0,10.0,90.91,PT200M,,76.0,28.0,8.0,28.57,40.0,21.0,52.5,43.0,31.0,12.0,4.0,21.0
837e3bd0-67e6-11f0-8129-41ca55d4aba3,home,5dd1167c-5656-11f0-b30a-37174fbd761c,Roanne,16.0,2.0,3.0,,18.0,26.0,17.0,65.38,PT200M,,79.0,28.0,10.0,35.71,36.0,16.0,44.44,31.0,19.0,12.0,9.0,9.0
837e3bd0-67e6-11f0-8129-41ca55d4aba3,away,a82c5ed3-564f-11f0-9879-b161853c3f42,Châlons-Reims,17.0,4.0,2.0,,26.0,17.0,14.0,82.35,PT200M,,88.0,22.0,8.0,36.36,38.0,25.0,65.79,39.0,30.0,9.0,3.0,17.0
834dd30f-67e6-11f0-9a0d-41ca55d4aba3,home,cfe8a6ed-5650-11f0-9f71-3bf393eceaf3,Gries-Souffel,21.0,6.0,1.0,,31.0,43.0,35.0,81.4,PT200M,,93.0,13.0,4.0,30.77,43.0,23.0,53.49,40.0,25.0,15.0,8.0,16.0
834dd30f-67e6-11f0-9a0d-41ca55d4aba3,away,bab3e699-5650-11f0-8c0c-5d11459a90d4,Denain,23.0,1.0,6.0,,29.0,39.0,23.0,58.97,PT200M,,92.0,32.0,7.0,21.88,38.0,24.0,63.16,40.0,18.0,22.0,10.0,14.0
835ac98d-67e6-11f0-980c-41ca55d4aba3,home,ca954dfe-5651-11f0-9c8a-116cf0b4675f,Pau-Lacq-Orthez,23.0,1.0,0.0,,19.0,18.0,12.0,66.67,PT200M,,89.0,27.0,7.0,25.93,47.0,28.0,59.57,40.0,25.0,15.0,12.0,13.0
835ac98d-67e6-11f0-980c-41ca55d4aba3,away,bd884864-564d-11f0-9d32-075d9b5a3600,Aix-Maurienne,21.0,0.0,1.0,,18.0,19.0,11.0,57.89,PT200M,,77.0,22.0,6.0,27.27,41.0,24.0,58.54,35.0,25.0,10.0,7.0,17.0
83692713-67e6-11f0-a479-41ca55d4aba3,home,d8dc7c09-564d-11f0-bfc0-01843dded219,Antibes,13.0,7.0,3.0,,26.0,37.0,34.0,91.89,PT200M,,91.0,32.0,13.0,40.62,31.0,9.0,29.03,38.0,28.0,10.0,9.0,16.0
83692713-67e6-11f0-a479-41ca55d4aba3,away,c64e4f9d-5650-11f0-a83a-db92f4e0ad79,Evreux,14.0,3.0,7.0,,32.0,34.0,21.0,61.76,PT200M,,76.0,21.0,5.0,23.81,45.0,20.0,44.44,51.0,31.0,20.0,7.0,22.0
8376a9c8-67e6-11f0-9656-41ca55d4aba3,home,6d6ed8f2-5656-11f0-968b-2571d849cba9,Saint-Chamond-Andrezieux,19.0,1.0,0.0,,23.0,24.0,18.0,75.0,PT200M,,79.0,25.0,7.0,28.0,36.0,20.0,55.56,33.0,21.0,12.0,10.0,12.0
8376a9c8-67e6-11f0-9656-41ca55d4aba3,away,454c2924-5651-11f0-aa5c-3fb2943d9a83,Hyères-Toulon,22.0,0.0,1.0,,19.0,16.0,16.0,100.0,PT200M,,76.0,27.0,10.0,37.04,30.0,15.0,50.0,34.0,24.0,10.0,4.0,17.0
8384bbba-67e6-11f0-9ffe-41ca55d4aba3,home,74fcb27a-5656-11f0-afef-790204f271a9,Vichy,22.0,5.0,2.0,,24.0,26.0,17.0,65.38,PT200M,,86.0,28.0,11.0,39.29,34.0,18.0,52.94,45.0,31.0,14.0,10.0,18.0
8384bbba-67e6-11f0-9ffe-41ca55d4aba3,away,021be54f-564e-11f0-af87-53657eeba26b,Blois,21.0,3.0,5.0,,21.0,25.0,18.0,72.0,PT200M,,77.0,35.0,11.0,31.43,27.0,13.0,48.15,28.0,20.0,8.0,6.0,12.0
838b81d9-67e6-11f0-a1dd-41ca55d4aba3,home,a82c5ed3-564f-11f0-9879-b161853c3f42,Châlons-Reims,17.0,3.0,3.0,,26.0,21.0,17.0,80.95,PT200M,,79.0,17.0,6.0,35.29,43.0,22.0,51.16,33.0,25.0,8.0,3.0,14.0
838b81d9-67e6-11f0-a1dd-41ca55d4aba3,away,d8dc7c09-564d-11f0-bfc0-01843dded219,Antibes,13.0,4.0,3.0,,20.0,27.0,19.0,70.37,PT200M,,87.0,22.0,8.0,36.36,39.0,22.0,56.41,34.0,26.0,8.0,6.0,13.0
83987356-67e6-11f0-a5fa-41ca55d4aba3,home,c64e4f9d-5650-11f0-a83a-db92f4e0ad79,Evreux,18.0,2.0,3.0,,23.0,25.0,13.0,52.0,PT200M,,78.0,18.0,5.0,27.78,46.0,25.0,54.35,40.0,26.0,14.0,8.0,15.0
83987356-67e6-11f0-a5fa-41ca55d4aba3,away,660581d1-5656-11f0-9c26-e53122149748,Rouen,10.0,3.0,2.0,,21.0,20.0,18.0,90.0,PT200M,,76.0,27.0,6.0,22.22,38.0,20.0,52.63,38.0,25.0,13.0,7.0,15.0
839eee74-67e6-11f0-b012-41ca55d4aba3,home,bab3e699-5650-11f0-8c0c-5d11459a90d4,Denain,18.0,0.0,5.0,,20.0,19.0,13.0,68.42,PT200M,,77.0,26.0,10.0,38.46,40.0,17.0,42.5,33.0,22.0,11.0,7.0,10.0
839eee74-67e6-11f0-b012-41ca55d4aba3,away,74fcb27a-5656-11f0-afef-790204f271a9,Vichy,13.0,5.0,0.0,,24.0,31.0,20.0,64.52,PT200M,,78.0,21.0,6.0,28.57,31.0,20.0,64.52,36.0,29.0,7.0,5.0,17.0
83b24029-67e6-11f0-81c6-41ca55d4aba3,home,454c2924-5651-11f0-aa5c-3fb2943d9a83,Hyères-Toulon,17.0,4.0,1.0,,21.0,24.0,17.0,70.83,PT200M,,80.0,27.0,11.0,40.74,34.0,15.0,44.12,28.0,19.0,9.0,5.0,8.0
83b24029-67e6-11f0-81c6-41ca55d4aba3,away,5dd1167c-5656-11f0-b30a-37174fbd761c,Roanne,26.0,1.0,4.0,,26.0,21.0,12.0,57.14,PT200M,,86.0,24.0,12.0,50.0,32.0,19.0,59.38,41.0,30.0,11.0,4.0,16.0
83bf2efe-67e6-11f0-940e-41ca55d4aba3,home,4ca8c586-5651-11f0-ab60-cf49a1c556a9,La Rochelle,20.0,1.0,4.0,,24.0,14.0,10.0,71.43,PT200M,,88.0,25.0,10.0,40.0,41.0,24.0,58.54,26.0,15.0,11.0,6.0,15.0
83bf2efe-67e6-11f0-940e-41ca55d4aba3,away,540e7ec0-5651-11f0-9652-cf49a1c556a9,Nantes,19.0,4.0,1.0,,21.0,26.0,20.0,76.92,PT200M,,98.0,24.0,8.0,33.33,39.0,27.0,69.23,36.0,22.0,14.0,9.0,15.0
83c5be2b-67e6-11f0-aa5c-41ca55d4aba3,home,bd884864-564d-11f0-9d32-075d9b5a3600,Aix-Maurienne,17.0,3.0,1.0,,13.0,11.0,6.0,54.55,PT200M,,61.0,33.0,7.0,21.21,36.0,17.0,47.22,43.0,21.0,22.0,5.0,16.0
83c5be2b-67e6-11f0-aa5c-41ca55d4aba3,away,47f9fac8-564f-11f0-bf00-55fec7cade86,Caen,18.0,1.0,3.0,,17.0,5.0,4.0,80.0,PT200M,,76.0,24.0,10.0,41.67,46.0,21.0,45.65,42.0,26.0,16.0,9.0,12.0
8391fabb-67e6-11f0-98a5-41ca55d4aba3,home,12444214-564f-11f0-937d-df51377c0aa2,Challans,22.0,1.0,1.0,,19.0,17.0,9.0,52.94,PT200M,,67.0,34.0,8.0,23.53,36.0,17.0,47.22,41.0,23.0,18.0,5.0,16.0
8391fabb-67e6-11f0-98a5-41ca55d4aba3,away,ca954dfe-5651-11f0-9c8a-116cf0b4675f,Pau-Lacq-Orthez,25.0,1.0,1.0,,19.0,18.0,11.0,61.11,PT200M,,97.0,24.0,10.0,41.67,49.0,28.0,57.14,45.0,30.0,15.0,8.0,12.0
83abc8cb-67e6-11f0-9f34-41ca55d4aba3,home,021be54f-564e-11f0-af87-53657eeba26b,Blois,13.0,2.0,4.0,,23.0,17.0,12.0,70.59,PT200M,,54.0,23.0,4.0,17.39,35.0,15.0,42.86,32.0,16.0,16.0,10.0,24.0
83abc8cb-67e6-11f0-9f34-41ca55d4aba3,away,c4289b03-5651-11f0-b117-1b2819a7091f,Orléans,21.0,4.0,2.0,,22.0,20.0,16.0,80.0,PT200M,,86.0,26.0,4.0,15.38,39.0,29.0,74.36,42.0,26.0,16.0,13.0,16.0
83b8d781-67e6-11f0-8012-41ca55d4aba3,home,d67f9f42-5651-11f0-af2c-1b2819a7091f,Quimper,20.0,4.0,3.0,,21.0,29.0,16.0,55.17,PT200M,,78.0,27.0,12.0,44.44,27.0,13.0,48.15,39.0,33.0,6.0,8.0,15.0
83b8d781-67e6-11f0-8012-41ca55d4aba3,away,6d6ed8f2-5656-11f0-968b-2571d849cba9,Saint-Chamond-Andrezieux,14.0,3.0,3.0,,22.0,26.0,15.0,57.69,PT200M,,67.0,29.0,6.0,20.69,44.0,17.0,38.64,49.0,26.0,23.0,7.0,13.0
83a57678-67e6-11f0-b5c4-41ca55d4aba3,home,cfe8a6ed-5650-11f0-9f71-3bf393eceaf3,Gries-Souffel,23.0,3.0,3.0,,23.0,25.0,15.0,60.0,PT200M,,80.0,24.0,7.0,29.17,41.0,22.0,53.66,29.0,20.0,9.0,7.0,7.0
83a57678-67e6-11f0-b5c4-41ca55d4aba3,away,d0bde5b3-5651-11f0-ac8b-53657eeba26b,Poitiers,14.0,3.0,2.0,,21.0,29.0,21.0,72.41,PT200M,,86.0,22.0,7.0,31.82,42.0,22.0,52.38,47.0,31.0,16.0,5.0,15.0
e1353f1a-67e6-11f0-ad3d-7db28d2e54ce,home,d0bde5b3-5651-11f0-ac8b-53657eeba26b,Poitiers,20.0,8.0,5.0,,18.0,15.0,12.0,80.0,PT200M,,92.0,31.0,12.0,38.71,37.0,22.0,59.46,36.0,28.0,8.0,10.0,13.0
e1353f1a-67e6-11f0-ad3d-7db28d2e54ce,away,c64e4f9d-5650-11f0-a83a-db92f4e0ad79,Evreux,22.0,5.0,8.0,,18.0,13.0,6.0,46.15,PT200M,,85.0,24.0,7.0,29.17,53.0,29.0,54.72,42.0,26.0,16.0,8.0,15.0
e107e6c9-67e6-11f0-a9d8-7db28d2e54ce,home,c4289b03-5651-11f0-b117-1b2819a7091f,Orléans,27.0,4.0,3.0,,21.0,24.0,19.0,79.17,PT200M,,100.0,30.0,17.0,56.67,36.0,15.0,41.67,41.0,29.0,12.0,10.0,20.0
e107e6c9-67e6-11f0-a9d8-7db28d2e54ce,away,454c2924-5651-11f0-aa5c-3fb2943d9a83,Hyères-Toulon,20.0,3.0,4.0,,18.0,19.0,14.0,73.68,PT200M,,90.0,32.0,14.0,43.75,34.0,17.0,50.0,31.0,24.0,7.0,9.0,18.0
e10fb1e5-67e6-11f0-b713-7db28d2e54ce,home,5dd1167c-5656-11f0-b30a-37174fbd761c,Roanne,19.0,2.0,4.0,,20.0,19.0,13.0,68.42,PT200M,,87.0,22.0,10.0,45.45,34.0,22.0,64.71,33.0,24.0,9.0,3.0,14.0
e10fb1e5-67e6-11f0-b713-7db28d2e54ce,away,cfe8a6ed-5650-11f0-9f71-3bf393eceaf3,Gries-Souffel,14.0,5.0,2.0,,19.0,14.0,9.0,64.29,PT200M,,69.0,24.0,8.0,33.33,30.0,18.0,60.0,25.0,18.0,7.0,6.0,14.0
e126872a-67e6-11f0-9ea3-7db28d2e54ce,home,d67f9f42-5651-11f0-af2c-1b2819a7091f,Quimper,21.0,2.0,1.0,,24.0,28.0,16.0,57.14,PT200M,,80.0,19.0,8.0,42.11,38.0,20.0,52.63,28.0,18.0,10.0,4.0,16.0
e126872a-67e6-11f0-9ea3-7db28d2e54ce,away,d8dc7c09-564d-11f0-bfc0-01843dded219,Antibes,24.0,1.0,2.0,,25.0,26.0,17.0,65.38,PT200M,,93.0,18.0,8.0,44.44,40.0,26.0,65.0,33.0,24.0,9.0,7.0,14.0
e12dd668-67e6-11f0-8b41-7db28d2e54ce,home,540e7ec0-5651-11f0-9652-cf49a1c556a9,Nantes,20.0,1.0,0.0,,22.0,26.0,13.0,50.0,PT200M,,77.0,21.0,6.0,28.57,33.0,23.0,69.7,19.0,12.0,7.0,11.0,13.0
e12dd668-67e6-11f0-8b41-7db28d2e54ce,away,bd884864-564d-11f0-9d32-075d9b5a3600,Aix-Maurienne,21.0,0.0,1.0,,23.0,23.0,15.0,65.22,PT200M,,96.0,29.0,9.0,31.03,33.0,27.0,81.82,41.0,24.0,17.0,4.0,17.0
e1440706-67e6-11f0-a02f-7db28d2e54ce,home,47f9fac8-564f-11f0-bf00-55fec7cade86,Caen,17.0,0.0,5.0,,21.0,16.0,14.0,87.5,PT200M,,74.0,29.0,8.0,27.59,38.0,18.0,47.37,36.0,23.0,13.0,6.0,17.0
e1440706-67e6-11f0-a02f-7db28d2e54ce,away,4ca8c586-5651-11f0-ab60-cf49a1c556a9,La Rochelle,18.0,5.0,0.0,,16.0,18.0,17.0,94.44,PT200M,,92.0,29.0,13.0,44.83,30.0,18.0,60.0,34.0,30.0,4.0,8.0,12.0
e11751ef-67e6-11f0-9378-7db28d2e54ce,home,6d6ed8f2-5656-11f0-968b-2571d849cba9,Saint-Chamond-Andrezieux,18.0,1.0,4.0,,17.0,21.0,15.0,71.43,PT200M,,80.0,17.0,5.0,29.41,44.0,25.0,56.82,36.0,27.0,9.0,7.0,14.0
e11751ef-67e6-11f0-9378-7db28d2e54ce,away,bab3e699-5650-11f0-8c0c-5d11459a90d4,Denain,21.0,4.0,1.0,,20.0,20.0,10.0,50.0,PT200M,,77.0,28.0,9.0,32.14,38.0,20.0,52.63,36.0,22.0,14.0,7.0,14.0
e11f2f1f-67e6-11f0-8fb8-7db28d2e54ce,home,ca954dfe-5651-11f0-9c8a-116cf0b4675f,Pau-Lacq-Orthez,19.0,4.0,1.0,,25.0,25.0,16.0,64.0,PT200M,,78.0,22.0,8.0,36.36,42.0,19.0,45.24,41.0,30.0,11.0,7.0,10.0
e11f2f1f-67e6-11f0-8fb8-7db28d2e54ce,away,a82c5ed3-564f-11f0-9879-b161853c3f42,Châlons-Reims,14.0,1.0,4.0,,25.0,27.0,18.0,66.67,PT200M,,74.0,31.0,10.0,32.26,29.0,13.0,44.83,42.0,31.0,11.0,5.0,13.0
e14b8f88-67e6-11f0-90f3-7db28d2e54ce,home,74fcb27a-5656-11f0-afef-790204f271a9,Vichy,26.0,1.0,3.0,,19.0,24.0,20.0,83.33,PT200M,,110.0,35.0,16.0,45.71,34.0,21.0,61.76,43.0,28.0,15.0,6.0,11.0
e14b8f88-67e6-11f0-90f3-7db28d2e54ce,away,12444214-564f-11f0-937d-df51377c0aa2,Challans,21.0,3.0,1.0,,16.0,26.0,20.0,76.92,PT200M,,77.0,29.0,7.0,24.14,31.0,18.0,58.06,26.0,17.0,9.0,6.0,14.0
e1533759-67e6-11f0-bb8b-7db28d2e54ce,home,bd884864-564d-11f0-9d32-075d9b5a3600,Aix-Maurienne,25.0,4.0,3.0,,16.0,17.0,11.0,64.71,PT200M,,85.0,27.0,12.0,44.44,28.0,19.0,67.86,22.0,17.0,5.0,10.0,14.0
e1533759-67e6-11f0-bb8b-7db28d2e54ce,away,74fcb27a-5656-11f0-afef-790204f271a9,Vichy,19.0,3.0,4.0,,19.0,18.0,13.0,72.22,PT200M,,83.0,34.0,12.0,35.29,28.0,17.0,60.71,35.0,18.0,17.0,6.0,18.0
e1625892-67e6-11f0-abd8-7db28d2e54ce,home,d8dc7c09-564d-11f0-bfc0-01843dded219,Antibes,9.0,1.0,0.0,,18.0,14.0,13.0,92.86,PT200M,,68.0,19.0,3.0,15.79,35.0,23.0,65.71,29.0,20.0,9.0,1.0,17.0
e1625892-67e6-11f0-abd8-7db28d2e54ce,away,5dd1167c-5656-11f0-b30a-37174fbd761c,Roanne,22.0,0.0,1.0,,20.0,14.0,10.0,71.43,PT200M,,92.0,27.0,10.0,37.04,39.0,26.0,66.67,32.0,19.0,13.0,8.0,9.0
e16a6330-67e6-11f0-a295-7db28d2e54ce,home,d0bde5b3-5651-11f0-ac8b-53657eeba26b,Poitiers,17.0,3.0,2.0,,20.0,21.0,16.0,76.19,PT200M,,80.0,23.0,8.0,34.78,38.0,20.0,52.63,39.0,26.0,13.0,8.0,10.0
e16a6330-67e6-11f0-a295-7db28d2e54ce,away,540e7ec0-5651-11f0-9652-cf49a1c556a9,Nantes,15.0,2.0,3.0,,23.0,20.0,14.0,70.0,PT200M,,74.0,26.0,8.0,30.77,38.0,18.0,47.37,37.0,23.0,14.0,7.0,9.0
e1720c9d-67e6-11f0-8d1b-7db28d2e54ce,home,c64e4f9d-5650-11f0-a83a-db92f4e0ad79,Evreux,17.0,3.0,1.0,,24.0,15.0,8.0,53.33,PT200M,,79.0,22.0,11.0,50.0,39.0,19.0,48.72,34.0,28.0,6.0,7.0,19.0
e1720c9d-67e6-11f0-8d1b-7db28d2e54ce,away,bab3e699-5650-11f0-8c0c-5d11459a90d4,Denain,19.0,2.0,3.0,,20.0,26.0,20.0,76.92,PT200M,,81.0,29.0,7.0,24.14,36.0,20.0,55.56,38.0,26.0,12.0,9.0,15.0
e1795d88-67e6-11f0-a8a1-7db28d2e54ce,home,4ca8c586-5651-11f0-ab60-cf49a1c556a9,La Rochelle,23.0,1.0,2.0,,18.0,26.0,23.0,88.46,PT200M,,84.0,19.0,7.0,36.84,36.0,20.0,55.56,31.0,27.0,4.0,6.0,15.0
e1795d88-67e6-11f0-a8a1-7db28d2e54ce,away,c4289b03-5651-11f0-b117-1b2819a7091f,Orléans,21.0,2.0,1.0,,22.0,21.0,17.0,80.95,PT200M,,77.0,29.0,8.0,27.59,33.0,18.0,54.55,33.0,24.0,9.0,2.0,17.0
e187f772-67e6-11f0-a690-7db28d2e54ce,home,a82c5ed3-564f-11f0-9879-b161853c3f42,Châlons-Reims,23.0,3.0,6.0,,21.0,31.0,24.0,77.42,PT225M,,92.0,20.0,6.0,30.0,55.0,25.0,45.45,44.0,29.0,15.0,12.0,14.0
e187f772-67e6-11f0-a690-7db28d2e54ce,away,6d6ed8f2-5656-11f0-968b-2571d849cba9,Saint-Chamond-Andrezieux,16.0,6.0,2.0,,21.0,22.0,15.0,68.18,PT225M,,90.0,23.0,11.0,47.83,40.0,21.0,52.5,36.0,29.0,7.0,6.0,18.0
e18f510e-67e6-11f0-8046-7db28d2e54ce,home,021be54f-564e-11f0-af87-53657eeba26b,Blois,25.0,5.0,4.0,,24.0,28.0,20.0,71.43,PT200M,,91.0,29.0,11.0,37.93,38.0,19.0,50.0,39.0,24.0,15.0,7.0,13.0
e18f510e-67e6-11f0-8046-7db28d2e54ce,away,ca954dfe-5651-11f0-9c8a-116cf0b4675f,Pau-Lacq-Orthez,16.0,4.0,5.0,,22.0,18.0,15.0,83.33,PT200M,,74.0,22.0,7.0,31.82,38.0,19.0,50.0,36.0,26.0,10.0,6.0,18.0
e196dec6-67e6-11f0-b927-7db28d2e54ce,home,454c2924-5651-11f0-aa5c-3fb2943d9a83,Hyères-Toulon,22.0,1.0,2.0,,16.0,12.0,9.0,75.0,PT200M,,87.0,35.0,16.0,45.71,34.0,15.0,44.12,29.0,22.0,7.0,9.0,9.0
e196dec6-67e6-11f0-b927-7db28d2e54ce,away,d67f9f42-5651-11f0-af2c-1b2819a7091f,Quimper,19.0,2.0,1.0,,18.0,21.0,14.0,66.67,PT200M,,81.0,30.0,11.0,36.67,29.0,17.0,58.62,41.0,32.0,9.0,5.0,17.0
e15ab6f0-67e6-11f0-afb3-7db28d2e54ce,home,cfe8a6ed-5650-11f0-9f71-3bf393eceaf3,Gries-Souffel,14.0,6.0,3.0,,26.0,7.0,6.0,85.71,PT200M,,76.0,23.0,6.0,26.09,38.0,26.0,68.42,30.0,20.0,10.0,3.0,20.0
e15ab6f0-67e6-11f0-afb3-7db28d2e54ce,away,660581d1-5656-11f0-9c26-e53122149748,Rouen,18.0,3.0,6.0,,17.0,26.0,20.0,76.92,PT200M,,79.0,21.0,7.0,33.33,39.0,19.0,48.72,34.0,20.0,14.0,7.0,20.0
e1809810-67e6-11f0-a7a5-7db28d2e54ce,home,12444214-564f-11f0-937d-df51377c0aa2,Challans,26.0,4.0,2.0,,22.0,33.0,23.0,69.7,PT200M,,106.0,35.0,13.0,37.14,38.0,22.0,57.89,37.0,23.0,14.0,7.0,10.0
e1809810-67e6-11f0-a7a5-7db28d2e54ce,away,47f9fac8-564f-11f0-bf00-55fec7cade86,Caen,19.0,2.0,4.0,,24.0,23.0,14.0,60.87,PT200M,,98.0,26.0,10.0,38.46,45.0,27.0,60.0,39.0,26.0,13.0,6.0,13.0
e1b576ab-67e6-11f0-9441-7db28d2e54ce,home,c64e4f9d-5650-11f0-a83a-db92f4e0ad79,Evreux,22.0,3.0,1.0,,27.0,27.0,16.0,59.26,PT200M,,85.0,31.0,9.0,29.03,39.0,21.0,53.85,33.0,17.0,16.0,8.0,10.0
e1b576ab-67e6-11f0-9441-7db28d2e54ce,away,540e7ec0-5651-11f0-9652-cf49a1c556a9,Nantes,22.0,1.0,3.0,,26.0,26.0,17.0,65.38,PT200M,,89.0,19.0,6.0,31.58,38.0,27.0,71.05,38.0,29.0,9.0,4.0,16.0
e1bd14cd-67e6-11f0-aa23-7db28d2e54ce,home,454c2924-5651-11f0-aa5c-3fb2943d9a83,Hyères-Toulon,15.0,2.0,5.0,,20.0,10.0,8.0,80.0,PT200M,,69.0,28.0,9.0,32.14,33.0,17.0,51.52,29.0,18.0,11.0,3.0,18.0
e1bd14cd-67e6-11f0-aa23-7db28d2e54ce,away,a82c5ed3-564f-11f0-9879-b161853c3f42,Châlons-Reims,16.0,5.0,2.0,,18.0,19.0,15.0,78.95,PT199M59S,,84.0,19.0,7.0,36.84,36.0,24.0,66.67,29.0,24.0,5.0,15.0,13.0
e1d365bf-67e6-11f0-a977-7db28d2e54ce,home,47f9fac8-564f-11f0-bf00-55fec7cade86,Caen,16.0,4.0,5.0,,25.0,23.0,14.0,60.87,PT200M,,70.0,24.0,8.0,33.33,29.0,16.0,55.17,30.0,24.0,6.0,13.0,17.0
e1d365bf-67e6-11f0-a977-7db28d2e54ce,away,cfe8a6ed-5650-11f0-9f71-3bf393eceaf3,Gries-Souffel,21.0,5.0,5.0,,16.0,21.0,17.0,80.95,PT200M,,79.0,27.0,10.0,37.04,31.0,16.0,51.61,38.0,27.0,11.0,9.0,16.0
e1dae310-67e6-11f0-b12c-7db28d2e54ce,home,bab3e699-5650-11f0-8c0c-5d11459a90d4,Denain,21.0,3.0,4.0,,13.0,16.0,7.0,43.75,PT200M,,80.0,27.0,5.0,18.52,46.0,29.0,63.04,39.0,25.0,14.0,10.0,13.0
e1dae310-67e6-11f0-b12c-7db28d2e54ce,away,bd884864-564d-11f0-9d32-075d9b5a3600,Aix-Maurienne,22.0,4.0,3.0,,21.0,11.0,7.0,63.64,PT200M,,75.0,19.0,4.0,21.05,48.0,28.0,58.33,42.0,29.0,13.0,6.0,18.0
e1e2aca3-67e6-11f0-9594-7db28d2e54ce,home,660581d1-5656-11f0-9c26-e53122149748,Rouen,21.0,1.0,3.0,,18.0,29.0,22.0,75.86,PT200M,,88.0,26.0,10.0,38.46,40.0,18.0,45.0,35.0,18.0,17.0,7.0,8.0
e1e2aca3-67e6-11f0-9594-7db28d2e54ce,away,d0bde5b3-5651-11f0-ac8b-53657eeba26b,Poitiers,15.0,3.0,1.0,,26.0,20.0,19.0,95.0,PT200M,,90.0,18.0,5.0,27.78,43.0,28.0,65.12,33.0,23.0,10.0,2.0,11.0
e19e7051-67e6-11f0-a82b-7db28d2e54ce,home,74fcb27a-5656-11f0-afef-790204f271a9,Vichy,13.0,1.0,4.0,,24.0,9.0,6.0,66.67,PT200M,,73.0,29.0,11.0,37.93,35.0,17.0,48.57,36.0,21.0,15.0,4.0,11.0
e19e7051-67e6-11f0-a82b-7db28d2e54ce,away,4ca8c586-5651-11f0-ab60-cf49a1c556a9,La Rochelle,12.0,4.0,1.0,,16.0,25.0,19.0,76.0,PT200M,,70.0,23.0,5.0,21.74,23.0,18.0,78.26,27.0,23.0,4.0,5.0,14.0
e1c47796-67e6-11f0-a972-7db28d2e54ce,home,6d6ed8f2-5656-11f0-968b-2571d849cba9,Saint-Chamond-Andrezieux,11.0,3.0,5.0,,23.0,28.0,15.0,53.57,PT200M,,75.0,23.0,8.0,34.78,46.0,18.0,39.13,37.0,27.0,10.0,11.0,8.0
e1c47796-67e6-11f0-a972-7db28d2e54ce,away,021be54f-564e-11f0-af87-53657eeba26b,Blois,22.0,5.0,3.0,,23.0,17.0,12.0,70.59,PT200M,,81.0,23.0,11.0,47.83,37.0,18.0,48.65,44.0,37.0,7.0,3.0,19.0
e1a623d3-67e6-11f0-9f99-7db28d2e54ce,home,d67f9f42-5651-11f0-af2c-1b2819a7091f,Quimper,12.0,3.0,2.0,,18.0,24.0,14.0,58.33,PT200M,,67.0,21.0,5.0,23.81,36.0,19.0,52.78,33.0,22.0,11.0,8.0,13.0
e1a623d3-67e6-11f0-9f99-7db28d2e54ce,away,5dd1167c-5656-11f0-b30a-37174fbd761c,Roanne,19.0,2.0,3.0,,22.0,26.0,18.0,69.23,PT200M,,81.0,25.0,3.0,12.0,41.0,27.0,65.85,44.0,27.0,17.0,8.0,10.0
e1adbd6f-67e6-11f0-bd0e-7db28d2e54ce,home,ca954dfe-5651-11f0-9c8a-116cf0b4675f,Pau-Lacq-Orthez,24.0,4.0,5.0,,23.0,21.0,18.0,85.71,PT200M,,92.0,24.0,8.0,33.33,48.0,25.0,52.08,45.0,32.0,13.0,5.0,12.0
e1adbd6f-67e6-11f0-bd0e-7db28d2e54ce,away,d8dc7c09-564d-11f0-bfc0-01843dded219,Antibes,12.0,5.0,4.0,,20.0,21.0,15.0,71.43,PT200M,,71.0,33.0,8.0,24.24,34.0,16.0,47.06,39.0,26.0,13.0,6.0,14.0
e1cbe4e4-67e6-11f0-a373-7db28d2e54ce,home,c4289b03-5651-11f0-b117-1b2819a7091f,Orléans,24.0,0.0,0.0,,20.0,15.0,10.0,66.67,PT200M,,85.0,29.0,7.0,24.14,42.0,27.0,64.29,30.0,19.0,11.0,10.0,10.0
e1cbe4e4-67e6-11f0-a373-7db28d2e54ce,away,12444214-564f-11f0-937d-df51377c0aa2,Challans,16.0,0.0,0.0,,16.0,16.0,12.0,75.0,PT200M,,80.0,28.0,8.0,28.57,30.0,22.0,73.33,38.0,29.0,9.0,4.0,19.0
e13c80af-67e6-11f0-bdc3-7db28d2e54ce,home,660581d1-5656-11f0-9c26-e53122149748,Rouen,24.0,3.0,0.0,,17.0,20.0,19.0,95.0,PT200M,,84.0,28.0,9.0,32.14,36.0,19.0,52.78,36.0,25.0,11.0,12.0,15.0
e13c80af-67e6-11f0-bdc3-7db28d2e54ce,away,021be54f-564e-11f0-af87-53657eeba26b,Blois,13.0,0.0,3.0,,22.0,10.0,8.0,80.0,PT200M,,67.0,24.0,9.0,37.5,35.0,16.0,45.71,31.0,22.0,9.0,4.0,20.0
e200d65f-67e6-11f0-94d4-7db28d2e54ce,home,4ca8c586-5651-11f0-ab60-cf49a1c556a9,La Rochelle,20.0,1.0,2.0,,17.0,29.0,23.0,79.31,PT200M,,81.0,30.0,10.0,33.33,32.0,14.0,43.75,35.0,24.0,11.0,11.0,13.0
e200d65f-67e6-11f0-94d4-7db28d2e54ce,away,c64e4f9d-5650-11f0-a83a-db92f4e0ad79,Evreux,19.0,2.0,1.0,,24.0,21.0,13.0,61.9,PT200M,,80.0,24.0,5.0,20.83,45.0,26.0,57.78,47.0,30.0,17.0,9.0,18.0
e20fc26f-67e6-11f0-b9fe-7db28d2e54ce,home,a82c5ed3-564f-11f0-9879-b161853c3f42,Châlons-Reims,13.0,1.0,7.0,,23.0,14.0,13.0,92.86,PT200M,,67.0,20.0,8.0,40.0,38.0,15.0,39.47,33.0,26.0,7.0,4.0,18.0
e20fc26f-67e6-11f0-b9fe-7db28d2e54ce,away,c4289b03-5651-11f0-b117-1b2819a7091f,Orléans,19.0,7.0,1.0,,19.0,28.0,15.0,53.57,PT200M,,77.0,17.0,4.0,23.53,42.0,25.0,59.52,35.0,26.0,9.0,13.0,10.0
e2255bd1-67e6-11f0-8b39-7db28d2e54ce,home,bab3e699-5650-11f0-8c0c-5d11459a90d4,Denain,18.0,1.0,1.0,,24.0,23.0,19.0,82.61,PT189M17S,,78.0,34.0,7.0,20.59,36.0,19.0,52.78,41.0,24.0,17.0,4.0,12.0
e2255bd1-67e6-11f0-8b39-7db28d2e54ce,away,660581d1-5656-11f0-9c26-e53122149748,Rouen,22.0,1.0,1.0,,17.0,22.0,14.0,63.64,PT189M17S,,93.0,20.0,7.0,35.0,46.0,29.0,63.04,33.0,26.0,7.0,7.0,9.0
e1ea4e3e-67e6-11f0-801c-7db28d2e54ce,home,d8dc7c09-564d-11f0-bfc0-01843dded219,Antibes,17.0,1.0,1.0,,15.0,23.0,17.0,73.91,PT200M,,83.0,27.0,8.0,29.63,32.0,21.0,65.62,37.0,34.0,3.0,6.0,10.0
e1ea4e3e-67e6-11f0-801c-7db28d2e54ce,away,74fcb27a-5656-11f0-afef-790204f271a9,Vichy,15.0,1.0,1.0,,21.0,18.0,16.0,88.89,PT200M,,72.0,31.0,10.0,32.26,38.0,13.0,34.21,42.0,29.0,13.0,8.0,12.0
e20832b1-67e6-11f0-99a9-7db28d2e54ce,home,d0bde5b3-5651-11f0-ac8b-53657eeba26b,Poitiers,18.0,1.0,2.0,,23.0,31.0,25.0,80.65,PT200M,,90.0,25.0,9.0,36.0,36.0,19.0,52.78,37.0,21.0,16.0,4.0,18.0
e20832b1-67e6-11f0-99a9-7db28d2e54ce,away,ca954dfe-5651-11f0-9c8a-116cf0b4675f,Pau-Lacq-Orthez,20.0,2.0,1.0,,23.0,30.0,23.0,76.67,PT200M,,97.0,12.0,4.0,33.33,56.0,31.0,55.36,33.0,18.0,15.0,11.0,10.0
e1f1dda1-67e6-11f0-b3e5-7db28d2e54ce,home,5dd1167c-5656-11f0-b30a-37174fbd761c,Roanne,14.0,0.0,0.0,,19.0,13.0,11.0,84.62,PT200M,,75.0,32.0,10.0,31.25,34.0,17.0,50.0,36.0,25.0,11.0,7.0,11.0
e1f1dda1-67e6-11f0-b3e5-7db28d2e54ce,away,47f9fac8-564f-11f0-bf00-55fec7cade86,Caen,14.0,0.0,1.0,,19.0,25.0,22.0,88.0,PT200M,,71.0,26.0,5.0,19.23,32.0,17.0,53.12,39.0,28.0,11.0,5.0,16.0
e1f9336d-67e6-11f0-9e00-7db28d2e54ce,home,bd884864-564d-11f0-9d32-075d9b5a3600,Aix-Maurienne,36.0,2.0,3.0,,16.0,16.0,9.0,56.25,PT200M,,98.0,26.0,11.0,42.31,48.0,28.0,58.33,46.0,34.0,12.0,9.0,15.0
e1f9336d-67e6-11f0-9e00-7db28d2e54ce,away,12444214-564f-11f0-937d-df51377c0aa2,Challans,19.0,3.0,2.0,,12.0,16.0,16.0,100.0,PT200M,,87.0,36.0,7.0,19.44,44.0,25.0,56.82,39.0,25.0,14.0,8.0,13.0
e234868f-67e6-11f0-9479-7db28d2e54ce,home,540e7ec0-5651-11f0-9652-cf49a1c556a9,Nantes,15.0,2.0,1.0,,23.0,23.0,18.0,78.26,PT200M,,88.0,25.0,12.0,48.0,31.0,17.0,54.84,38.0,30.0,8.0,8.0,17.0
e234868f-67e6-11f0-9479-7db28d2e54ce,away,6d6ed8f2-5656-11f0-968b-2571d849cba9,Saint-Chamond-Andrezieux,19.0,1.0,2.0,,19.0,28.0,24.0,85.71,PT200M,,70.0,24.0,4.0,16.67,38.0,17.0,44.74,35.0,23.0,12.0,14.0,12.0
e22cfe86-67e6-11f0-94e6-7db28d2e54ce,home,cfe8a6ed-5650-11f0-9f71-3bf393eceaf3,Gries-Souffel,29.0,0.0,4.0,,27.0,23.0,15.0,65.22,PT200M,,89.0,29.0,10.0,34.48,36.0,22.0,61.11,34.0,21.0,13.0,7.0,12.0
e22cfe86-67e6-11f0-94e6-7db28d2e54ce,away,454c2924-5651-11f0-aa5c-3fb2943d9a83,Hyères-Toulon,11.0,4.0,0.0,,20.0,26.0,21.0,80.77,PT200M,,92.0,29.0,13.0,44.83,27.0,16.0,59.26,31.0,22.0,9.0,4.0,13.0
e2177583-67e6-11f0-9930-7db28d2e54ce,home,021be54f-564e-11f0-af87-53657eeba26b,Blois,25.0,2.0,1.0,,22.0,23.0,11.0,47.83,PT200M,,95.0,29.0,14.0,48.28,37.0,21.0,56.76,40.0,26.0,14.0,7.0,14.0
e2177583-67e6-11f0-9930-7db28d2e54ce,away,d67f9f42-5651-11f0-af2c-1b2819a7091f,Quimper,17.0,1.0,2.0,,22.0,30.0,25.0,83.33,PT200M,,78.0,27.0,7.0,25.93,27.0,16.0,59.26,31.0,25.0,6.0,9.0,16.0
8224d6b7-67e6-11f0-aee7-41ca55d4aba3,home,c4289b03-5651-11f0-b117-1b2819a7091f,Orléans,19.0,4.0,6.0,,22.0,33.0,28.0,84.85,PT225M,,96.0,27.0,10.0,37.04,44.0,19.0,43.18,37.0,25.0,12.0,13.0,11.0
8224d6b7-67e6-11f0-aee7-41ca55d4aba3,away,6d6ed8f2-5656-11f0-968b-2571d849cba9,Saint-Chamond-Andrezieux,25.0,6.0,4.0,,30.0,25.0,21.0,84.0,PT225M,,88.0,21.0,9.0,42.86,39.0,20.0,51.28,39.0,31.0,8.0,4.0,22.0
e23c762b-67e6-11f0-94c0-7db28d2e54ce,home,47f9fac8-564f-11f0-bf00-55fec7cade86,Caen,17.0,0.0,3.0,,19.0,18.0,16.0,88.89,PT200M,,75.0,26.0,7.0,26.92,33.0,19.0,57.58,31.0,21.0,10.0,2.0,16.0
e23c762b-67e6-11f0-94c0-7db28d2e54ce,away,a82c5ed3-564f-11f0-9879-b161853c3f42,Châlons-Reims,23.0,3.0,0.0,,20.0,13.0,10.0,76.92,PT200M,,99.0,31.0,11.0,35.48,40.0,28.0,70.0,34.0,24.0,10.0,12.0,8.0
e24b3ccb-67e6-11f0-bc99-7db28d2e54ce,home,540e7ec0-5651-11f0-9652-cf49a1c556a9,Nantes,27.0,5.0,2.0,,20.0,24.0,13.0,54.17,PT200M,,108.0,28.0,15.0,53.57,45.0,25.0,55.56,43.0,31.0,12.0,10.0,10.0
e24b3ccb-67e6-11f0-bc99-7db28d2e54ce,away,d8dc7c09-564d-11f0-bfc0-01843dded219,Antibes,20.0,3.0,5.0,,21.0,21.0,16.0,76.19,PT200M,,81.0,20.0,7.0,35.0,47.0,22.0,46.81,37.0,28.0,9.0,2.0,12.0
e25a4182-67e6-11f0-a0c3-7db28d2e54ce,home,bd884864-564d-11f0-9d32-075d9b5a3600,Aix-Maurienne,25.0,5.0,1.0,,17.0,13.0,7.0,53.85,PT200M,,79.0,25.0,6.0,24.0,45.0,27.0,60.0,41.0,27.0,14.0,4.0,12.0
e25a4182-67e6-11f0-a0c3-7db28d2e54ce,away,d0bde5b3-5651-11f0-ac8b-53657eeba26b,Poitiers,17.0,1.0,5.0,,19.0,14.0,12.0,85.71,PT200M,,81.0,22.0,9.0,40.91,45.0,21.0,46.67,33.0,24.0,9.0,8.0,10.0
e2690362-67e6-11f0-9555-7db28d2e54ce,home,454c2924-5651-11f0-aa5c-3fb2943d9a83,Hyères-Toulon,16.0,3.0,0.0,,21.0,13.0,12.0,92.31,PT200M,,96.0,29.0,14.0,48.28,38.0,21.0,55.26,32.0,20.0,12.0,7.0,11.0
e2690362-67e6-11f0-9555-7db28d2e54ce,away,bab3e699-5650-11f0-8c0c-5d11459a90d4,Denain,15.0,0.0,3.0,,19.0,19.0,15.0,78.95,PT200M,,78.0,22.0,7.0,31.82,37.0,21.0,56.76,30.0,18.0,12.0,6.0,18.0
e27085ae-67e6-11f0-8034-7db28d2e54ce,home,d67f9f42-5651-11f0-af2c-1b2819a7091f,Quimper,25.0,4.0,4.0,,24.0,29.0,26.0,89.66,PT200M,,102.0,40.0,20.0,50.0,21.0,8.0,38.1,35.0,26.0,9.0,6.0,14.0
e27085ae-67e6-11f0-8034-7db28d2e54ce,away,c64e4f9d-5650-11f0-a83a-db92f4e0ad79,Evreux,18.0,4.0,3.0,,26.0,23.0,16.0,69.57,PT200M,,83.0,27.0,7.0,25.93,41.0,23.0,56.1,40.0,25.0,15.0,7.0,17.0
e2528c41-67e6-11f0-b223-7db28d2e54ce,home,6d6ed8f2-5656-11f0-968b-2571d849cba9,Saint-Chamond-Andrezieux,19.0,2.0,2.0,,22.0,29.0,20.0,68.97,PT200M,,79.0,17.0,5.0,29.41,42.0,22.0,52.38,38.0,24.0,14.0,5.0,22.0
e2528c41-67e6-11f0-b223-7db28d2e54ce,away,5dd1167c-5656-11f0-b30a-37174fbd761c,Roanne,24.0,2.0,2.0,,25.0,27.0,21.0,77.78,PT200M,,93.0,28.0,8.0,28.57,38.0,24.0,63.16,32.0,21.0,11.0,8.0,13.0
e26198a6-67e6-11f0-9a9c-7db28d2e54ce,home,12444214-564f-11f0-937d-df51377c0aa2,Challans,25.0,1.0,2.0,,16.0,27.0,15.0,55.56,PT200M,,91.0,30.0,12.0,40.0,32.0,20.0,62.5,32.0,26.0,6.0,9.0,14.0
e26198a6-67e6-11f0-9a9c-7db28d2e54ce,away,cfe8a6ed-5650-11f0-9f71-3bf393eceaf3,Gries-Souffel,28.0,2.0,1.0,,22.0,18.0,10.0,55.56,PT200M,,84.0,31.0,8.0,25.81,40.0,25.0,62.5,41.0,27.0,14.0,4.0,13.0
e243d466-67e6-11f0-bef7-7db28d2e54ce,home,c4289b03-5651-11f0-b117-1b2819a7091f,Orléans,14.0,2.0,3.0,,36.0,25.0,18.0,72.0,PT200M,,72.0,26.0,4.0,15.38,38.0,21.0,55.26,35.0,22.0,13.0,5.0,16.0
e243d466-67e6-11f0-bef7-7db28d2e54ce,away,660581d1-5656-11f0-9c26-e53122149748,Rouen,16.0,3.0,2.0,,25.0,47.0,37.0,78.72,PT200M,,84.0,15.0,3.0,20.0,31.0,19.0,61.29,34.0,27.0,7.0,9.0,15.0
e2783560-67e6-11f0-83bb-7db28d2e54ce,home,021be54f-564e-11f0-af87-53657eeba26b,Blois,21.0,2.0,3.0,,16.0,13.0,9.0,69.23,PT200M,,86.0,23.0,9.0,39.13,44.0,25.0,56.82,44.0,29.0,15.0,5.0,14.0
e2783560-67e6-11f0-83bb-7db28d2e54ce,away,4ca8c586-5651-11f0-ab60-cf49a1c556a9,La Rochelle,21.0,3.0,2.0,,20.0,17.0,11.0,64.71,PT200M,,67.0,20.0,6.0,30.0,39.0,19.0,48.72,28.0,20.0,8.0,6.0,13.0
e27f9cf5-67e6-11f0-b4ed-7db28d2e54ce,home,ca954dfe-5651-11f0-9c8a-116cf0b4675f,Pau-Lacq-Orthez,20.0,3.0,1.0,,15.0,22.0,17.0,77.27,PT200M,,72.0,26.0,5.0,19.23,35.0,20.0,57.14,44.0,33.0,11.0,10.0,19.0
e27f9cf5-67e6-11f0-b4ed-7db28d2e54ce,away,74fcb27a-5656-11f0-afef-790204f271a9,Vichy,17.0,1.0,2.0,,22.0,15.0,11.0,73.33,PT200M,,62.0,30.0,9.0,30.0,34.0,12.0,35.29,36.0,26.0,10.0,7.0,16.0
